T_keV,Pfus_per_ne2_pureD_x0_Wm3,Pbrem_per_ne2_pureD_x0_Wm3,Pfus_per_ne2_He3_5pct_x0p05_Wm3,Pbrem_per_ne2_He3_5pct_x0p05_Wm3,Pfus_per_ne2_He3_10pct_x0p1_Wm3,Pbrem_per_ne2_He3_10pct_x0p1_Wm3,Pfus_per_ne2_He3_50pct_x0p5_Wm3,Pbrem_per_ne2_He3_50pct_x0p5_Wm3
0.08617333262,9.333085965436153e-51,1.8834319360698294e-37,7.64000914638387e-51,2.062806406171718e-37,6.24776829104035e-51,2.2258741062643432e-37,1.0370095519071523e-51,3.1390532267830486e-37
0.17234666524,3.8762616239566606e-47,2.6647423345714638e-37,3.173084925042328e-47,2.918527318816365e-37,2.5948528449443714e-47,3.1492409408571844e-37,4.306957693011035e-48,4.441237224285772e-37
0.25851999786,2.1053284823358895e-45,3.2650592098221383e-37,1.7234096170454495e-45,3.5760172298051996e-37,1.4093523554845662e-45,3.858706338880709e-37,2.3392573191911697e-46,5.441765349703564e-37
0.34469333048,2.575208608840787e-44,3.771816505062806e-37,2.10805164044061e-44,4.131037124592597e-37,1.7239018006920554e-44,4.457601324165133e-37,2.861370129284206e-45,6.286360841771343e-37
0.4308666631,1.5204093349659932e-43,4.218864789302016e-37,1.2446004524518636e-43,4.620661435902209e-37,1.0177987094343622e-43,4.985931114629656e-37,1.6894039165439934e-44,7.031441315503362e-37
0.51703999572,5.871911946367492e-43,4.6235567282541594e-37,4.806737319788745e-43,5.063895464278365e-37,3.930826878622496e-43,5.464203406118551e-37,6.524986688254656e-44,7.705927880423599e-37
0.60321332834,1.7193198898913315e-42,4.996195949207311e-37,1.4074414051776678e-42,5.472024134846101e-37,1.1509777840086935e-42,5.904595212699547e-37,1.910775283071118e-43,8.326993248678849e-37
0.68938666096,4.1590437129423396e-42,5.34349283044167e-37,3.4046452247436963e-42,5.852396909531353e-37,2.7842854057748287e-42,6.315036981431063e-37,4.623134168753812e-43,8.905821384069449e-37
0.7755599935799999,8.752436883479955e-42,5.67010633990208e-37,7.164977182760899e-42,6.210116467511801e-37,5.859559533548189e-42,6.70103476533882e-37,9.732252833182008e-43,9.450177233170131e-37
0.8617333262,1.6548033252295318e-41,5.979427136559128e-37,1.3546995346519677e-41,6.548896387659996e-37,1.1079115993436974e-41,7.066595706842605e-37,1.8409214943285327e-42,9.965711894265214e-37
0.9479066588199999,2.891339775683606e-41,6.274013758666999e-37,2.367067165253113e-41,6.871538878540048e-37,1.9359280393521701e-41,7.414743532970089e-37,3.218620853381848e-42,1.0456689597778334e-36
1.03407999144,4.725698686439936e-41,6.555853055206668e-37,3.8689843666117693e-41,7.180220012845398e-37,3.1644428870247165e-41,7.747826337971514e-37,5.265096778557438e-42,1.092642175867778e-36
1.1202533240599999,7.33307246092036e-41,6.826524363252103e-37,6.004017203166808e-41,7.476669540704685e-37,4.911000596431166e-41,8.067710611116121e-37,8.178994442210538e-42,1.1377540605420171e-36
1.20642665668,1.0881483517319346e-40,7.08730763646352e-37,8.909958133932282e-41,7.762289316126712e-37,7.288511100026597e-41,8.375909024911432e-37,1.2153460476077213e-41,1.1812179394105865e-36
1.2925999893,1.5580284782368322e-40,7.339257273386512e-37,1.2758514559004606e-40,8.038234156566178e-37,1.0437693478399068e-40,8.673667686729511e-37,1.7429679821699783e-41,1.2232095455644184e-36
1.37877332192,2.1569417340653293e-40,7.583254073510796e-37,1.76647798815683e-40,8.305468747178492e-37,1.4453156893182886e-40,8.962027541421849e-37,2.4177029080011393e-41,1.263875678918466e-36
1.5511199871599999,3.836460889633341e-40,8.050259648909362e-37,3.142775878566852e-40,8.816951044043587e-37,2.572131074710232e-40,9.513943221438335e-37,4.3213180230046314e-41,1.3417099414848935e-36
1.7234666524,6.289088025616708e-40,8.493101698022845e-37,5.153721143882059e-40,9.301968526405972e-37,4.2195644611845705e-40,1.003730200675427e-36,7.129995303571616e-41,1.4155169496704741e-36
2.1543333155,1.6859708120341914e-39,9.516212338812104e-37,1.3833228515940542e-39,1.0422518275841829e-36,1.1341445451928373e-39,1.1246432764050668e-36,1.95575203726809e-40,1.5860353898020174e-36
2.5851999786,3.547227144181482e-39,1.0447093893044858e-36,2.9159806964039812e-39,1.1442055216191986e-36,2.3957237788069018e-39,1.2346565509962102e-36,4.2570645499467206e-40,1.7411823155074764e-36
3.4469333048,1.0429867564686746e-38,1.2115470277637105e-36,8.623434250098971e-39,1.3269324589793018e-36,7.129768161386902e-39,1.4318283055389304e-36,1.3796479366712276e-39,2.0192450462728512e-36
4.308666631,2.2257283641408284e-38,1.3603874898832172e-36,1.856042310226813e-38,1.4899482032054284e-36,1.548776175123708e-38,1.6077306698619836e-36,3.351787033559143e-39,2.267312483138695e-36
5.1703999572,3.950409114972099e-38,1.496623651924148e-36,3.331166497623936e-38,1.639159237821686e-36,2.8126142855446336e-38,1.7687370431830835e-36,6.900848428754263e-39,2.494372753206913e-36
6.0321332834,6.227750730842366e-38,1.623444418525595e-36,5.323057976416838e-38,1.7780581726708897e-36,4.557530821512827e-38,1.918616130984794e-36,1.2723848985481702e-38,2.705740697542658e-36
6.8938666096,9.064111751526547e-38,1.7429180351396183e-36,7.869944330686049e-38,1.9089102289624387e-36,6.844792498209018e-38,2.0598122233468214e-36,2.1679487181898752e-38,2.9048633918993638e-36
7.755599935799999,1.2408065158677725e-37,1.8564745427752786e-36,1.0966956917881012e-37,2.0332816420872096e-36,9.704245578830287e-38,2.1940153687344193e-36,3.4670743656008467e-38,3.0941242379587974e-36
8.617333262,1.6214542473723914e-37,1.9651503793017694e-36,1.461506316220719e-37,2.1523075582828907e-36,1.3171082236073269e-37,2.3224504482657274e-36,5.262393734033877e-38,3.275250632169616e-36
9.4790665882,2.051533639553968e-37,2.0697243811825194e-36,1.8884458630420437e-37,2.266840988914188e-36,1.7342840829824204e-37,2.446037905033886e-36,7.671352097899652e-38,3.4495406353041986e-36
10.3407999144,2.5225045615851067e-37,2.1707988417404978e-36,2.3740991184841277e-37,2.377541588572926e-36,2.2224082648773256e-37,2.5654895402387696e-36,1.0776675508151691e-37,3.617998069567497e-36
11.2025332406,3.036455487827023e-37,2.268850520846678e-36,2.9252237240200145e-37,2.4849315228320756e-36,2.7915937696612566e-37,2.6813687973642555e-36,1.4710870494502025e-37,3.781417534744463e-36
12.0642665668,3.5837554919260805e-37,2.3642641812938805e-36,3.5394045578477033e-37,2.5894321985599636e-36,3.444834623272699e-37,2.794130396074585e-36,1.960427086386653e-37,3.9404403021564664e-36
12.925999892999998,4.164404573882278e-37,2.4573554466673326e-36,4.218744965248005e-37,2.6913892987308884e-36,4.185762046859782e-37,2.904147346061393e-36,2.551112078401353e-37,4.095592411112221e-36
13.7877332192,4.776221142643136e-37,2.5483868591425017e-36,4.967769144489789e-37,2.791090369537025e-36,5.023809299939195e-37,3.0117299244411377e-36,3.259172876818974e-37,4.247311431904169e-36
15.511199871599999,6.0816373398639725e-37,2.7251212915470493e-36,6.675792112570655e-37,2.9846566526467682e-36,7.0015741816553e-37,3.2205978900101485e-36,5.053241821112166e-37,4.541868819245083e-36
17.234666524,7.483921500768774e-37,2.895876996000716e-36,8.692375260228211e-37,3.1716748051436415e-36,9.439987664867844e-37,3.422400086182664e-36,7.4493353011562625e-37,4.826461660001194e-36
21.543333155,1.1312214726339774e-36,3.302945577317265e-36,1.5086378709504832e-36,3.617511822776052e-36,1.763112219051051e-36,3.9034811368294946e-36,1.6282547219201333e-36,5.504909295528775e-36
25.851999785999997,1.5442206031607605e-36,3.6896806966016e-36,2.3557260822409914e-36,4.041078858182705e-36,2.9183382292342743e-36,4.360531732347345e-36,2.986852374194721e-36,6.149467827669333e-36
30.160666416999998,1.978756294138565e-36,4.0625233739362936e-36,3.409745070216975e-36,4.449430361930226e-36,4.414791179084049e-36,4.8011639873792554e-36,4.8360404875455955e-36,6.770872289893823e-36
34.469333048,2.4283768891012107e-36,4.42556405091833e-36,4.659103511089755e-36,4.847046341481981e-36,6.237258527686893e-36,5.2302120601762076e-36,7.15882896092379e-36,7.375940084863884e-36
38.777999679,2.8855399360562775e-36,4.781570534586779e-36,6.063973673633299e-36,5.2369582045474244e-36,8.322591657239811e-36,5.6509469954207385e-36,9.867589075678583e-36,7.9692842243113e-36
43.08666631,3.3491546394775245e-36,5.132504759712401e-36,7.60032584097187e-36,5.621314736827867e-36,1.0630116933149537e-35,6.065687443296473e-36,1.290253104776188e-35,8.554174599520669e-36
51.703999571999994,4.2861080893649194e-36,5.824567659211245e-36,1.0933391653653192e-35,6.379288388659936e-36,1.568742350610505e-35,6.883579960886016e-36,1.9624425454375763e-35,9.707612765352076e-36
60.321332833999996,5.221970743726074e-36,6.50964269744076e-36,1.4433832170012788e-35,7.129608668625594e-36,2.1034497568947003e-35,7.693214096975441e-36,2.678015200363346e-35,1.0849404495734599e-35
68.938666096,6.152379420456025e-36,7.19257012187569e-36,1.7908774639630314e-35,7.877576800149564e-36,2.6341608410488433e-35,8.500310144034906e-36,3.3881028387608233e-35,1.1987616869792816e-35
77.555999358,7.066891747748686e-36,7.876504307164475e-36,2.1244503734469658e-35,8.626647574513472e-36,3.1420204625254377e-35,9.308595999376196e-36,4.0654673503924375e-35,1.3127507178607457e-35
86.17333262,7.981031608276292e-36,8.563591211120162e-36,2.4390626854937887e-35,9.37917132646494e-36,3.61717415994328e-35,1.0120607794960189e-35,4.6940079725129344e-35,1.4272652018533604e-35
107.716665775,1.0175525973690126e-35,1.0303977774101728e-35,3.125608913116343e-35,1.1285308990682846e-35,4.639202624905505e-35,1.2177428278483858e-35,6.025675686456755e-35,1.7173296290169548e-35
129.25999893,1.2283687863917348e-35,1.208666981911604e-35,3.676783953089481e-35,1.3237781230460426e-35,5.433947318435097e-35,1.428424614986441e-35,7.025494727289405e-35,2.0144449698526734e-35
150.803332085,1.4209208015421582e-35,1.391836008268023e-35,4.086807331161901e-35,1.5243918185792634e-35,5.998592312633534e-35,1.6448971006803907e-35,7.697819408859534e-35,2.3197266804467052e-35
172.34666524,1.607021160226401e-35,1.5802221461305916e-35,4.428449062863687e-35,1.730719493381124e-35,6.449981794919019e-35,1.8675352636088804e-35,8.206694736406179e-35,2.6337035768843193e-35
215.43333155,1.9458727997377468e-35,1.9731017742804675e-35,4.895132092476093e-35,2.1610162289738452e-35,7.003626266849094e-35,2.3318475514223704e-35,8.732542428489167e-35,3.288502957134112e-35
258.51999786,2.2513753613919514e-35,2.3874804309746622e-35,5.229348499529863e-35,2.6148595196389156e-35,7.353385092063416e-35,2.821567782060964e-35,8.983463828635219e-35,3.979134051624437e-35
301.60666417,2.5310712971814365e-35,2.82294169519288e-35,5.458305943566153e-35,3.091793285211249e-35,7.540619561476212e-35,3.3362038215915846e-35,9.01454115483405e-35,4.7049028253214657e-35
344.69333048,2.788139876993659e-35,3.2788782874125385e-35,5.626673861787106e-35,3.591152410023256e-35,7.640082369627606e-35,3.8750379760329996e-35,8.934615994832061e-35,5.464797145687564e-35
430.8666631,3.2484821938361834e-35,4.2495707577488726e-35,5.87730665146927e-35,4.654291782296385e-35,7.730372139287367e-35,5.022219986430485e-35,8.660300134537855e-35,7.082617929581455e-35
517.03999572,3.652754960153041e-35,5.294553688507772e-35,6.06100778485177e-35,5.798796896937083e-35,7.746815535543704e-35,6.257199813691002e-35,8.325510156416904e-35,8.824256147512954e-35
603.21332834,4.0042305625229525e-35,6.409383260318706e-35,6.180456018294963e-35,7.019800713682393e-35,7.691603164288153e-35,7.574725671285743e-35,7.930609658977948e-35,1.0682305433864511e-34
689.38666096,4.3258157069969756e-35,7.590213845766074e-35,6.296469551937636e-35,8.313091354886651e-35,7.652693689724077e-35,8.970252726814449e-35,7.586632167318902e-35,1.2650356409610122e-34
775.55999358,4.5946968042153177e-35,8.833717544090075e-35,6.369339863223621e-35,9.675023976860556e-35,7.57850299344339e-35,1.0439848006651905e-34,7.236798670409227e-35,1.472286257348346e-34
861.7333262,4.816327831809182e-35,1.0136994702495827e-34,6.403531546086844e-35,1.1102422769400192e-34,7.472682085265324e-35,1.1980084648404158e-34,6.881715165763496e-35,1.6894991170826376e-34
