T_keV,sv_m3_per_s_adopted,sv_m3_per_s_low,sv_m3_per_s_high,Palpha_per_ne2_Wm3_adopted,Palpha_per_ne2_Wm3_low,Palpha_per_ne2_Wm3_high,Pbrem_per_ne2_Wm3
1.0,6.591434202973114e-27,6.001622389143732e-27,7.19881795832203e-27,9.240561631482946e-40,8.413701763230177e-40,1.0092055684587752e-39,6.445805900205062e-37
1.0174634027476068,7.328282900153682e-27,6.67660437574149e-27,7.99651757727677e-27,1.0273553176221987e-39,9.359962084615775e-40,1.1210354413722742e-39,6.5024212901838155e-37
1.0352317759307386,8.141454594274971e-27,7.422998226326331e-27,8.876590396082654e-27,1.1413542278004397e-39,1.0406335023388055e-39,1.2444132506918382e-39,6.559544046919901e-37
1.0533104453709372,9.037309889366416e-27,8.24773833749602e-27,9.84600049775236e-27,1.2669445896589998e-39,1.1562541941721865e-39,1.3803152943869802e-39,6.617178980199646e-37
1.071704829896711,1.0024033620818778e-26,9.158359392350138e-27,1.0913151541758592e-26,1.4052738389992982e-39,1.2839145746173103e-39,1.5299196853068356e-39,6.675330952116929e-37
1.0904204429677524,1.1111523604613177e-26,1.016315370760212e-26,1.2088375016687467e-26,1.5577295551519353e-39,1.4247771473311763e-39,1.6946747995420267e-39,6.7340048778039665e-37
1.109462894327522,1.231102059662072e-26,1.1271144653292188e-26,1.3383318586718972e-26,1.725887584802365e-39,1.580106902669643e-39,1.876213528439166e-39,6.793205726175722e-37
1.128837891684689,1.3635198484163093e-26,1.2491938601392266e-26,1.4811089382691336e-26,1.911524685986854e-39,1.7512505622949165e-39,2.0763733666404353e-39,6.8529385206882156e-37
1.1485512424239381,1.5096171224085688e-26,1.3834940616871783e-26,1.638467790650927e-26,2.1163391198331612e-39,1.939526626548833e-39,2.2969754585247044e-39,6.9132083401111034e-37
1.1686088553466514,1.6705345771829047e-26,1.53125533037548e-26,1.8115929396408585e-26,2.34193003262008e-39,2.1466738221386018e-39,2.539680393435462e-39,6.974020319314814e-37
1.1890167424419895,1.8474519422108515e-26,1.6939170087163366e-26,2.0016866073597615e-26,2.589951292467127e-39,2.374709969887928e-39,2.806173572039725e-39,7.035379650072569e-37
1.2097810206889015,2.0415780330292128e-26,1.873103415587859e-26,2.2099654579244832e-26,2.8620975433811997e-39,2.625912209830402e-39,3.098160641304503e-39,7.097291581877672e-37
1.2309079138896024,2.2543414766558483e-26,2.0704578405077721e-26,2.4378441413976547e-26,3.160371584085675e-39,2.902584277025695e-39,3.4176248055959757e-39,7.1597614227763735e-37
1.252403754535073,2.4875319801461354e-26,2.2875307054339144e-26,2.687205803638347e-26,3.4872824130531545e-39,3.2068997150782855e-39,3.767206055671233e-39,7.222794540216687e-37
1.2742749857031337,2.743129220855176e-26,2.5259558464356222e-26,2.9601942767727566e-26,3.84560534898469e-39,3.5411490062154905e-39,4.14990983955261e-39,7.28639636191353e-37
1.2965281629896683,3.0233357892230034e-26,2.7874534960585426e-26,3.25921134628725e-26,4.238428213450415e-39,3.907743752278283e-39,4.569103231252976e-39,7.35057237673055e-37
1.3191699564735717,3.3305836887164626e-26,3.0744180015557034e-26,3.586507285623838e-26,4.6691604431876657e-39,4.3100405995863335e-39,5.027940899360118e-39,7.415328135579051e-37
1.3422071527160124,3.6668997057453174e-26,3.3888985631537433e-26,3.944345945795016e-26,5.140643399295796e-39,4.750912331270964e-39,5.5295965469197306e-39,7.480669252334376e-37
1.3656466567946106,4.034125286558111e-26,3.732521162252107e-26,4.3352670294588826e-26,5.6554586136579656e-39,5.2326384180619936e-39,6.077630594655911e-39,7.546601404770188e-37
1.3894954943731377,4.434236351756085e-26,4.107036986490559e-26,4.762154991748573e-26,6.21637613836488e-39,5.7576738578878294e-39,6.676086773357774e-39,7.61313033551105e-37
1.4137608138073605,4.8709812225218996e-26,4.5162465651117186e-26,5.229284975944663e-26,6.828650761955175e-39,6.331346630004161e-39,7.330958425862568e-39,7.680261853003729e-37
1.4384498882876628,5.34785577186096e-26,4.963453362580972e-26,5.740253106989094e-26,7.497183364717957e-39,6.958287876291469e-39,8.047286976105851e-39,7.748001832507671e-37
1.46357011801908,5.86839007981651e-26,5.451872133908126e-26,6.298592451832877e-26,8.226922781944483e-39,7.643004376440405e-39,8.830025446738481e-39,7.816356217105078e-37
1.4891290324394097,6.436425754980989e-26,5.984955641897905e-26,6.908018516282485e-26,9.023254582218056e-39,8.390336574353384e-39,9.684382622273754e-39,7.88533101873108e-37
1.515134292476053,7.056145042156483e-26,6.566408736221615e-26,7.572421519514789e-26,9.892041873575805e-39,9.205478315659275e-39,1.06158122186947e-38,7.954932319224429e-37
1.5415936928422724,7.732102889309384e-26,7.200202903513331e-26,8.295855091476749e-26,1.0839670258318462e-38,1.0093997245559514e-38,1.1629997038287234e-38,8.025166271399239e-37
1.5685151643735473,8.469543195494652e-26,7.890730845408687e-26,9.083015683145513e-26,1.1873491182415824e-38,1.1062051512484757e-38,1.273352105706738e-38,8.096039100138247e-37
1.5959067764047312,9.274386540535834e-26,8.642934679275983e-26,9.940220280601853e-26,1.3001804733689283e-38,1.2116569493283733e-38,1.3935240086594063e-38,8.167557103508102e-37
1.6237767391887217,1.0151304372015877e-25,9.461434282826693e-26,1.0872631570817374e-25,1.4231159835782649e-38,1.3264027815562542e-38,1.5242391721247525e-38,8.239726653897206e-37
1.65213340635737,1.1104851120465463e-25,1.035099086430557e-25,1.1885416200415467e-25,1.5567941365601177e-38,1.451110123884562e-38,1.6662219106461884e-38,8.312554199176674e-37
1.6809852774253642,1.2139495737610382e-25,1.1316536569258493e-25,1.2983850828899044e-25,1.7018414366924208e-38,1.5864704160438422e-38,1.8202119615228134e-38,8.386046263884874e-37
1.7103410003378408,1.3259536742729288e-25,1.2363153204580005e-25,1.417328047588949e-25,1.858860495350717e-38,1.733196078857277e-38,1.9869586454898727e-38,8.46020945043622e-37
1.7402093740624849,1.4470405403580412e-25,1.3497124878998465e-25,1.546023181962726e-25,2.0286127244358394e-38,1.8921680843897492e-38,2.1673769405426337e-38,8.535050440354716e-37
1.7705993512268987,1.5784286617293894e-25,1.4729849570988178e-25,1.6856880184946444e-25,2.2128063302263784e-38,2.0649843204350662e-38,2.363173711015145e-38,8.610575995532857e-37
1.8015200408020253,1.7210172189353997e-25,1.6069834109330513e-25,1.83726322898296e-25,2.412701878028715e-38,2.2528373631947358e-38,2.575667688985904e-38,8.686792959516522e-37
1.8329807108324359,1.875690069644684e-25,1.7525490607461999e-25,2.001688403167352e-25,2.6295384519342275e-38,2.456906510682932e-38,2.8061760895905653e-38,8.763708258816442e-37
1.8649907912142971,2.043394211209692e-25,1.9105761714256591e-25,2.179969370321106e-25,2.864643651844651e-38,2.6784454369184484e-38,3.056108989468648e-38,8.841328904246904e-37
1.8975598765218502,2.2251437027961155e-25,2.0820137039193744e-25,2.3731820809556448e-25,3.119439091923155e-38,2.9187844945764894e-38,3.326974768542802e-38,8.919661992292342e-37
1.93069772888325,2.422023780911108e-25,2.2678667691439868e-25,2.5824766388149264e-25,3.395446170172099e-38,3.179332753229122e-38,3.6203857624901164e-38,8.998714706502472e-37
1.9644142809066278,2.63519517366883e-25,2.4691978521068026e-25,2.8090814811301904e-25,3.69429211662155e-38,3.461579715447444e-38,3.9380641230602904e-38,9.07849431891666e-37
1.9987196386572506,2.8658986189058757e-25,2.687127761343415e-25,3.0543077040634466e-25,4.017716327295882e-38,3.767096647822505e-38,4.2818478819345615e-38,9.159008191518253e-37
2.0336240846866733,3.1154595909896934e-25,2.922836255049666e-25,3.319553529122828e-25,4.367576990748024e-38,4.09753745874256e-38,4.65369721221373e-38,9.24026377771957e-37
2.0691380811147897,3.3852932408466684e-25,3.17756229161661e-25,3.6063089050815545e-25,4.745858013507333e-38,4.4546390496191743e-38,5.055700879869318e-38,9.32226862387826e-37
2.105272272765707,3.6769095533711766e-25,3.452603848726684e-25,3.9161602385700847e-25,5.154676250274841e-38,4.840221061277319e-38,5.490082875582249e-38,9.405030370845908e-37
2.1420374903583843,3.9919187259584283e-25,3.7493172518119256e-25,4.250795245035649e-25,5.596289044112938e-38,5.256184932517892e-38,5.959209215325119e-38,9.488556755549494e-37
2.1794447537529855,4.332090285957014e-25,4.069176846284026e-25,4.612059659744346e-25,6.073177103471368e-38,5.704597554888817e-38,6.465667443774334e-38,9.572855612606667e-37
2.217505275253932,4.699399362008442e-25,4.413933846252776e-25,5.002021298550257e-25,6.58810937018888e-38,6.187913963426953e-38,7.012356441394115e-38,9.65793487597554e-37
2.2562304629706342,5.095734592411526e-25,4.78533677118304e-25,5.422697761493768e-25,7.143733534898854e-38,6.708585415534163e-38,7.602104690870743e-38,9.743802580639899e-37
2.2956319242369094,5.52306154283964e-25,5.185227310751219e-25,5.876199894036823e-25,7.742805133071454e-38,7.269193784356228e-38,8.23787139607169e-38,9.830466864330699e-37
2.3357214690901222,5.983435932833088e-25,5.615557421497048e-25,6.364746016116167e-25,8.388206087293522e-38,7.872475526656878e-38,8.922766429820172e-38,9.917935969284678e-37
2.3765111138110746,6.479002269084645e-25,6.078394718446824e-25,6.890662933781157e-25,9.08294279126535e-38,8.521329241358947e-38,9.660051752114802e-38,1.0006218244041042e-36
2.418013084525721,7.011991598180671e-25,6.575928053189487e-25,7.456386347146928e-25,9.830142959358216e-38,9.218823489474643e-38,1.0453141982040994e-37,1.009532214527714e-36
2.460239820869776,7.584718277696535e-25,7.110473280461168e-25,8.064460572326919e-25,1.063305109999835e-37,9.968204878306687e-38,1.1305604007946901e-37,1.0185256239684064e-36
2.503203979717325,8.199575661175074e-25,7.68447921507468e-25,8.717537490519297e-25,1.149502246641858e-37,1.07729064124949e-37,1.222115551416289e-37,1.0276029205883188e-36
2.5469184389745405,8.859030590065617e-25,8.300533780800853e-25,9.418374633297154e-25,1.241951533488257e-37,1.1636556114160956e-37,1.3203662296761142e-37,1.036764983638461e-36
2.591396301439659,9.565640402100739e-25,8.961388573946815e-25,1.0169857811626949e-24,1.3410114848805648e-37,1.256301145870065e-37,1.4257169987279688e-37,1.0460127039588543e-36
2.636650898730358,1.0323727505569965e-24,9.671180759348885e-25,1.097676506322834e-24,1.4472880612056392e-37,1.3558072356341767e-37,1.5388376938560485e-37,1.0553469841830725e-36
2.6826957952797255,1.1137678711987806e-24,1.0433958521156623e-24,1.1843862885741486e-24,1.561396251567782e-37,1.4627413974882046e-37,1.660396532535547e-37,1.064768738947292e-36
2.7295447924020064,1.2011268960881646e-24,1.1253291850529936e-24,1.277524140011393e-24,1.6838652664587281e-37,1.5776041101188975e-37,1.7909669106850488e-37,1.0742788951039582e-36
2.7772119324293554,1.2948502192364098e-24,1.213294941261752e-24,1.3775229099271415e-24,1.8152564200665593e-37,1.7009237044099843e-37,1.931155641699334e-37,1.0838783919401907e-36
2.825711502920828,1.3953623374420733e-24,1.307690523815999e-24,1.4848402958857135e-24,1.956164816386649e-37,1.8332573015410627e-37,2.0816043738785197e-37,1.0935681814010347e-36
2.87505804094488,1.5031131037489909e-24,1.4089345166096816e-24,1.5999598612225198e-24,2.10722110645012e-37,1.9751917161796025e-37,2.2429910168650286e-37,1.1033492283176852e-36
2.9252663374366454,1.6185790329937618e-24,1.5174672970270894e-24,1.7233920548007665e-24,2.2690933185768054e-37,2.127344315386448e-37,2.4160311712451562e-37,1.1132225106408047e-36
2.976351441631318,1.742264660791254e-24,1.6337516097464144e-24,1.8556752283850184e-24,2.442488763543223e-37,2.290363823033643e-37,2.601479554809704e-37,1.1231890196790568e-36
3.0283286655749455,1.8747039572908937e-24,1.7582730937991224e-24,1.997376646494824e-24,2.6281560165339538e-37,2.464931058691364e-37,2.8001314182723744e-37,1.1332497603429939e-36
3.0812135887140033,2.016461797017291e-24,1.8915407543978292e-24,2.1490934830832478e-24,2.8268869777179105e-37,2.651759599085568e-37,3.0128239425179476e-37,1.143405751394423e-36
3.1350220625651146,2.1681354860849732e-24,2.034087370429319e-24,2.3114537988452997e-24,3.0395190132576296e-37,2.851596349364313e-37,3.2404376086954164e-37,1.1536580257013865e-36
3.1897702154663214,2.33035634804893e-24,2.1864698278928263e-24,2.4851174924017264e-24,3.2669371785203713e-37,3.0652220105464023e-37,3.483897531686879e-37,1.164007630498907e-36
3.245474457411331,2.5037913696203566e-24,2.349269368952902e-24,2.6707772180267432e-24,3.5100765252145193e-37,3.293451428669732e-37,3.7441747466742255e-37,1.1744556276556255e-36
3.3021514849681757,2.689144907439557e-24,2.5230917456769774e-24,2.8691592619956837e-24,3.769924494122282e-37,3.5371338103166838e-37,4.0222874376948984e-37,1.1850030939464894e-36
3.3598182862837818,2.887160457055889e-24,2.7085672669479212e-24,3.0810243690237085e-24,4.0475233950407425e-37,3.79715278838105e-37,4.3193020962300824e-37,1.1956511213316395e-36
3.418492146175929,3.0986224852173547e-24,2.9063507264895405e-24,3.3071685096523994e-24,4.343972975476974e-37,4.074426321166659e-37,4.6363345970074685e-37,1.2064008172416474e-36
3.4781906513141303,3.324331096194628e-24,3.1170919822880136e-24,3.548387112080847e-24,4.6603949052523104e-37,4.369865447544273e-37,4.974500054442339e-37,1.2172533048692645e-36
3.53893169549099,3.564997167756997e-24,3.3413579819862996e-24,3.8053619166501045e-24,4.997785767149384e-37,4.684264973996863e-37,5.334754203423972e-37,1.2282097234678445e-36
3.600733484985619,3.8214883008863944e-24,3.579926813680928e-24,4.079014260132823e-24,5.357361854936475e-37,5.018715705770949e-37,5.718388670170406e-37,1.2392712286566057e-36
3.663614544020716,4.094741502496585e-24,3.8336546370426935e-24,4.3703570329406464e-24,5.740436762873822e-37,5.374417897008611e-37,6.126823430363189e-37,1.2504389927329075e-36
3.72759372031494,4.385743613605523e-24,4.103453008824362e-24,4.680467202830999e-24,6.148393947879308e-37,5.7526494632734655e-37,6.56156829000677e-37,1.2617142049917106e-36
3.79269019073225,4.695533733599995e-24,4.3902932282997875e-24,5.010490531689875e-24,6.582690128116107e-37,6.154772073441555e-37,7.024229497907785e-37,1.2730980720524067e-36
3.858923467029904,5.0252057596473504e-24,4.695211068707539e-24,5.3616466889263205e-24,7.044858843005555e-37,6.582237782733715e-37,7.516516914166066e-37,1.2845918181931985e-36
3.9263134017068375,5.375911047218905e-24,5.0193119305984036e-24,5.7352347968833975e-24,7.536514183027025e-37,7.036596257216918e-37,8.040251784311528e-37,1.296196685693226e-36
3.9948801939541703,5.74886119804228e-24,5.363776456611375e-24,6.1326394470455764e-24,8.059354698161016e-37,7.519502645184303e-37,8.597375173452716e-37,1.307913935182622e-36
4.06464439570963,6.145330982175232e-24,5.729866651231721e-24,6.555337229549142e-24,8.61516749435775e-37,8.03272615647188e-37,9.189957120027188e-37,1.3197448460007096e-36
4.135626917817709,6.566661401291575e-24,6.11893255356829e-24,7.004903822621961e-24,9.205832527971678e-37,8.578159417055435e-37,9.820206574519415e-37,1.3316907165625377e-36
4.207849036297403,7.014262900694002e-24,6.5324195161776245e-24,7.483021693135158e-24,9.833327108696869e-37,9.157828673267203e-37,1.0490482194899236e-36,1.3437528647339652e-36
4.281332398719393,7.48961873801771e-24,6.971876148519745e-24,7.991488464489329e-24,1.0499730622167976e-36,9.773904927762719e-37,1.1203304077599676e-36,1.3559326282155173e-36
4.356099030694608,7.994204058121994e-24,7.438800333697861e-24,8.532060700276895e-24,1.1207111080682158e-36,1.0428488069686853e-36,1.1961134757121654e-36,1.3682313649352194e-36
4.432171342476087,8.529297795357818e-24,7.934204638686748e-24,9.106022394822045e-24,1.195726142813126e-36,1.1122997621293532e-36,1.276577427095653e-36,1.3806504534506542e-36
4.509572135676147,9.09647156846327e-24,8.45951965314327e-24,9.715108427637824e-24,1.2752384923982537e-36,1.1859439132738692e-36,1.3619654754595578e-36,1.3931912933604596e-36
4.588324610100845,9.697391389071533e-24,9.016278204855044e-24,1.0361175155195351e-23,1.3594817157532813e-36,1.2639961482279441e-36,1.4525378642630902e-36,1.4058553057255128e-36
4.668452370703792,1.0333793519118878e-23,9.606068545173538e-24,1.1046153389352262e-23,1.4486992202298788e-36,1.3466791246719492e-36,1.5485652749000088e-36,1.4186439335000462e-36
4.7499794346614115,1.1007486492363325e-23,1.0230534393447912e-23,1.1772049499290113e-23,1.543144544999325e-36,1.4342232763701158e-36,1.6503289811797268e-36,1.4315586419729422e-36
4.832930238571752,1.1720353143358e-23,1.0891374780179282e-23,1.2540946362250683e-23,1.6430816454952063e-36,1.526866791182262e-36,1.7581209826114678e-36,1.4446009192194686e-36
4.917329645779018,1.2474352640894998e-23,1.1590343671135329e-23,1.3355004146205202e-23,1.748785178482839e-36,1.6248555583682458e-36,1.872244114127021e-36,1.457772276563717e-36
5.003202953826004,1.3271522522791535e-23,1.2329249354145653e-23,1.421646090685439e-23,1.8605407873168667e-36,1.728443082622529e-36,1.9930121297744486e-36,1.471074249052017e-36
5.090575902036683,1.4113980728747746e-23,1.3109953569840066e-23,1.5127632980647516e-23,1.978645386928519e-36,1.8378903622119814e-36,2.1207497578156074e-36,1.4845083959376008e-36
5.17947467923121,1.500392214168613e-23,1.3934371960439636e-23,1.609092183351491e-23,2.1034066789544166e-36,1.9534659518921014e-36,2.255793660853078e-36,1.4980763011768094e-36
5.269925931575656,1.5943004814885373e-23,1.480466097870545e-23,1.7109533129489157e-23,2.2350571066388986e-36,2.0754721657576767e-36,2.3985932423876873e-36,1.5117795739371323e-36
5.36195677056882,1.693320773440263e-23,1.5722993651299722e-23,1.8186350928832874e-23,2.3738741049386977e-36,2.2042136414062417e-36,2.5495528201412702e-36,1.525619849117373e-36
5.455594781168519,1.797707163100625e-23,1.669147062541742e-23,1.9323701629567734e-23,2.5202138600574676e-36,2.3399848695248516e-36,2.7089985329121005e-36,1.539598787880263e-36
5.550868030059805,1.9077272584696487e-23,1.7712238151364152e-23,2.0523886333934156e-23,2.6744515328693314e-36,2.4830867339214126e-36,2.8772529732713576e-36,1.5537180781978284e-36
5.647805074067555,2.0236631105869036e-23,1.878748497691362e-23,2.17891643137163e-23,2.8369825320113333e-36,2.6338260761432408e-36,3.054632869559504e-36,1.5679794354098414e-36
5.746434968715974,2.145812191634742e-23,1.991943880012564e-23,2.312173483965599e-23,3.008223885090825e-36,2.7925151981960013e-36,3.2414465385435495e-36,1.582384602795686e-36
5.846787276937591,2.274488448525787e-23,2.1110362258316008e-23,2.452371734378646e-23,3.188615715714562e-36,2.9594713002355712e-36,3.437991104365582e-36,1.5969353521599802e-36
5.948892077934334,2.410023437940762e-23,2.2362548431511732e-23,2.5997129898931607e-23,3.378622834703409e-36,3.135015850195377e-36,3.6445494815739633e-36,1.611633484432308e-36
6.052779976193349,2.552766552241304e-23,2.36782798462675e-23,2.754384909255241e-23,3.578735056800538e-36,3.3194688365127544e-36,3.861384749819588e-36,1.6264808302814192e-36
6.158482110660264,2.7030306888988666e-23,2.5058848156472436e-23,2.916551848380901e-23,3.789391034396352e-36,3.5130113367347355e-36,4.088727320409717e-36,1.641479250744263e-36
6.266030164072655,2.861093168987641e-23,2.650673246393108e-23,3.08653836086733e-23,4.0109795451678855e-36,3.715990897272468e-36,4.32703218651051e-36,1.6566306378702428e-36
6.375456372456506,3.0272376628991007e-23,2.802530312272311e-23,3.2647463749133456e-23,4.243898267928995e-36,3.928880009599493e-36,4.576862813094571e-36,1.6719369153810713e-36
6.486793534788511,3.201745989849199e-23,2.961818049180209e-23,3.4516114022952894e-23,4.48854228632214e-36,4.152186213486495e-36,4.8388297461048014e-36,1.6874000393466316e-36
6.600075022827095,3.3848966616546873e-23,3.128925797375651e-23,3.647605857286681e-23,4.7453020473317765e-36,4.386455326815701e-36,5.113595265262977e-36,1.7030219988772493e-36
6.7153347911151435,3.576963298378239e-23,3.304272709307708e-23,3.8532426798823175e-23,5.014561140170037e-36,4.6322749613146e-36,5.401878463484118e-36,1.7188048168327987e-36
6.832607387157402,3.778212913583117e-23,3.488310481745155e-23,4.0690792966557766e-23,5.2966938923674404e-36,4.8902783527406996e-36,5.7044607996206604e-36,1.7347505505490732e-36
6.951927961775605,3.988964231618606e-23,3.6815396695373045e-23,4.295707270190463e-23,5.5921471250409583e-36,5.1611672312171575e-36,6.022171587952699e-36,1.7508612925818583e-36
7.073332279644442,4.209841380515914e-23,3.8844365395525273e-23,4.533531971555859e-23,5.901795806120289e-36,5.4456092774360175e-36,6.355579120028908e-36,1.767139171469168e-36
7.196856730011519,4.441117646008696e-23,4.097190668460802e-23,4.782789204114104e-23,6.22602305612019e-36,5.7438702597943964e-36,6.70501396965669e-36,1.7835863525121008e-36
7.322538337604533,4.682965252998134e-23,4.3199191936729335e-23,5.0436778678548663e-23,6.565070317914071e-36,6.056114393762034e-36,7.070754975637506e-36,1.8002050385748038e-36
7.450414773728913,4.935519396377139e-23,4.55269002264911e-23,5.316355021849744e-23,6.919127121838083e-36,6.382436879116668e-36,7.453022319799193e-36,1.8169974709040247e-36
7.580524367559261,5.1988731201342463e-23,4.795515030005495e-23,5.600929836338537e-23,7.288323906683544e-36,6.722854362936787e-36,7.851969048398168e-36,1.83396592996876e-36
7.712906117627995,5.473071976607013e-23,5.048342991214328e-23,5.897457263866366e-23,7.672724532479958e-36,7.077295033323607e-36,8.267672199657732e-36,1.8511127363205132e-36
7.847599703514611,5.758080795017149e-23,5.311102108006475e-23,6.206131260509037e-23,8.072279693153042e-36,7.445658235956605e-36,8.700403681483979e-36,1.8684402514746998e-36
7.984645497739087,6.05406235931118e-23,5.58410605939441e-23,6.527668490633502e-23,8.487217596258875e-36,7.828383718872098e-36,9.151168188917166e-36,1.8859508788137255e-36
8.12408457786297,6.361619226070857e-23,5.867920629159935e-23,6.862358960982191e-23,8.918382968613906e-36,8.2262646569308e-36,9.620372283730413e-36,1.9036470645123118e-36
8.26595873880181,6.68144648781923e-23,6.163179159075103e-23,7.210433960383737e-23,9.36675026359217e-36,8.640188934847663e-36,1.0108340210786044e-35,1.9215312984856364e-36
8.410310505352605,7.014322959999496e-23,6.4705882867412e-23,7.572101546785446e-23,9.833411306110796e-36,9.071147191094488e-36,1.0615363647468039e-35,1.939606115360869e-36
8.557183144940007,7.361119355723744e-23,6.790935081549766e-23,7.947543852968169e-23,1.0319586752847503e-35,9.520242821836182e-36,1.1141697926551443e-35,1.957874095472709e-36
8.706620680585127,7.722728101828703e-23,7.125124743919906e-23,8.336832934510118e-23,1.0826527701049481e-35,9.988744831663244e-36,1.1687444063079544e-35,1.9763378658835476e-36
8.858667904100825,8.099411494704696e-23,7.473714605543819e-23,8.739957592301342e-23,1.135460186522102e-35,1.047743454641348e-35,1.2252586356969096e-35,1.9950001014288793e-36
9.013370389517434,8.49109378627568e-23,7.836418660851836e-23,9.157499529916073e-23,1.19037030537893e-35,1.0985911013576086e-35,1.2837940301110328e-35,2.0138635257886227e-36
9.17077450674293,8.897609700800401e-23,8.212755115038894e-23,9.590159731825536e-23,1.2473599565939867e-35,1.1513498802819388e-35,1.3444488608826259e-35,2.0329309125850096e-36
9.330927435461668,9.318686250194513e-23,8.60207607848444e-23,1.0038715252802457e-22,1.3063908698433887e-35,1.2059289634733357e-35,1.4073320636742065e-35,2.0522050865077302e-36
9.493877179275827,9.753937966571145e-23,9.003554279863822e-23,1.0504025383872524e-22,1.3674090062085044e-35,1.262212375387995e-35,1.472564102886051e-35,2.0716889244670452e-36
9.659672580093833,1.0203792922827829e-22,9.416846447772993e-23,1.0986712817951134e-22,1.430474377423815e-35,1.320151992651432e-35,1.5402322741215906e-35,2.091385356775575e-36
9.828363332770026,1.0668819267541506e-22,9.842731843567392e-23,1.148671062120857e-22,1.4956666324971e-35,1.3798570602679994e-35,1.61032719389675e-35,2.1112973683595082e-36
10.0,1.1149063560035273e-22,1.0282154604358163e-22,1.200378252188063e-22,1.56299229860107e-35,1.4414599372493394e-35,1.6828157391652898e-35,2.1314279999999996e-36
10.174634027476063,1.1644530237261156e-22,1.0736199356702054e-22,1.2537580094423536e-22,1.6324519977540514e-35,1.5051126778864633e-35,1.7576490639915292e-35,2.151780349605519e-36
10.352317759307383,1.2155172145961553e-22,1.1206100914311034e-22,1.3087629779506867e-22,1.7040391195193834e-35,1.570988391276078e-35,1.8347607798772418e-35,2.172357573515971e-36
10.53310445370937,1.2679576971236085e-22,1.169234379089996e-22,1.365281904158168e-22,1.777555670827908e-35,1.6391550016165537e-35,1.913994919957089e-35,2.1931628878393865e-36
10.717048298967109,1.321819229081775e-22,1.2194506609913533e-22,1.423385958040644e-22,1.8530643978058741e-35,1.7095534359366767e-35,1.9954512577443713e-35,2.2141995698220444e-36
10.904204429677527,1.377344615612035e-22,1.271232117819702e-22,1.4832837107180867e-22,1.9309056900869e-35,1.782146096115929e-35,2.0794221900421673e-35,2.235470959252878e-36
11.094628943275218,1.4348153475276485e-22,1.3245422121417432e-22,1.5452159469625576e-22,2.011474170924215e-35,1.8568817601601507e-35,2.166245274119144e-35,2.2569804599030535e-36
11.28837891684689,1.4946241487442375e-22,1.379350219363441e-22,1.6094768002826367e-22,2.0953204017638882e-35,1.9337173551210198e-35,2.2563328570806846e-35,2.278731541001644e-36
11.48551242423938,1.5572712667611275e-22,1.4357305106326392e-22,1.676281436976867e-22,2.1831456818537273e-35,2.0127571422494404e-35,2.349986581540745e-35,2.3007277387483032e-36
11.68608855346651,1.6220883066272342e-22,1.4936608136296894e-22,1.7452981110684907e-22,2.2740129852674344e-35,2.0939698978790526e-35,2.446741371303489e-35,2.3229726578639318e-36
11.890167424419893,1.688082870216584e-22,1.553082594296875e-22,1.8160543655932525e-22,2.3665310645520825e-35,2.1772735628477357e-35,2.545934886798803e-35,2.3454699731802964e-36
12.097810206889013,1.7540963634705e-22,1.613922403294496e-22,1.888004329188421e-22,2.459075681419706e-35,2.2625651681916205e-35,2.646801868476966e-35,2.3682234312696196e-36
12.309079138896024,1.819411849738074e-22,1.6760200137919922e-22,1.9611539216212736e-22,2.5506417591139287e-35,2.349620091187152e-35,2.7493506152866883e-35,2.3912368521151675e-36
12.524037545350732,1.884898948989141e-22,1.739494990228393e-22,2.0356958870639605e-22,2.6424484218313653e-35,2.4386059497659915e-35,2.853851336160808e-35,2.4145141308239165e-36
12.742749857031335,1.9518589499475614e-22,1.8046214518325893e-22,2.1116283729178894e-22,2.736319952161039e-35,2.529907032923665e-35,2.960301433932921e-35,2.4380592393823655e-36
12.965281629896682,2.021769784779268e-22,1.8717192255391809e-22,2.188952930367808e-22,2.8343282699379834e-35,2.6239717074965204e-35,3.06870308321599e-35,2.46187622845663e-36
13.191699564735716,2.0949613960268863e-22,1.941141205112593e-22,2.267672433184457e-22,2.9369359231155107e-35,2.7212946968602485e-35,3.179060312762306e-35,2.4859692292379588e-36
13.422071527160119,2.1706666222590067e-22,2.012504301658149e-22,2.347694412654648e-22,3.0430674245886993e-35,2.821338946948527e-35,3.2912434902616774e-35,2.510342455334853e-36
13.656466567946103,2.248198296927132e-22,2.0851144038208594e-22,2.4288854573064753e-22,3.15175943244334e-35,2.923131379891294e-35,3.405065585563985e-35,2.5350002047129964e-36
13.894954943731374,2.327006351615967e-22,2.158366250343986e-22,2.511170736400051e-22,3.2622408032626046e-35,3.025823477175913e-35,3.520421693114144e-35,2.5599468616842392e-36
14.137608138073606,2.4082290075252085e-22,2.233088552351864e-22,2.5949938705891267e-22,3.376107214530662e-35,3.1305770127021627e-35,3.6379337267272294e-35,2.585186898945905e-36
14.38449888287663,2.491856258673972e-22,2.3094160595644524e-22,2.680460697805957e-22,3.493344638817336e-35,3.237580892716204e-35,3.757750061082535e-35,2.6107248796717323e-36
14.635701180190798,2.5774786332666366e-22,2.3872130526593995e-22,2.7675740658531306e-22,3.6133790357473033e-35,3.346644851681864e-35,3.8798746885274806e-35,2.6365654596557868e-36
14.891290324394095,2.6646240247260553e-22,2.466324809836802e-22,2.8563370310247853e-22,3.735548556959734e-35,3.457551984403141e-35,4.004311893694739e-35,2.6627133895107276e-36
15.15134292476053,2.752754478607237e-22,2.5465768418786685e-22,2.946752945006704e-22,3.8590990416679474e-35,3.5700576736505765e-35,4.131066375327875e-35,2.6891735169218257e-36
15.415936928422719,2.8412639721792333e-22,2.627774242183551e-22,3.038825544239592e-22,3.983180903845145e-35,3.68388867897185e-35,4.2601433715601324e-35,2.7159507889581967e-36
15.68515164373547,2.929757256650301e-22,2.7098464072762545e-22,3.1327274215357915e-22,4.107240042409922e-35,3.7989460210335053e-35,4.39178484104125e-35,2.7430502544427382e-36
15.95906776404731,3.0188014514975564e-22,2.7930901016031517e-22,3.2288553073761616e-22,4.232071504740336e-35,3.915645735264599e-35,4.5265469620393526e-35,2.7704770663822724e-36
16.237767391887218,3.1084219815591203e-22,2.877341335878309e-22,3.326796454823661e-22,4.357710934032752e-35,4.033757924338251e-35,4.6638511027434434e-35,2.798236484459496e-36
16.5213340635737,3.198576346739477e-22,2.9623704566103605e-22,3.4260167521480547e-22,4.484098749209689e-35,4.152960635978902e-35,4.80294848948616e-35,2.8263338775883103e-36
16.80985277425364,3.289225272871509e-22,3.047924953398056e-22,3.5259185435911006e-22,4.6111798916373806e-35,4.272899874704917e-35,4.943001265937851e-35,2.8547747265342106e-36
17.103410003378404,3.3803329731827283e-22,3.1337291995346084e-22,3.6258392244413514e-22,4.738904191676477e-35,4.39318923818064e-35,5.083080523535538e-35,2.883564626601399e-36
17.40209374062485,3.472084478486678e-22,3.219774553659736e-22,3.7255272329485555e-22,4.867531044867253e-35,4.513816612043733e-35,5.222833596715745e-35,2.9127092903883784e-36
17.70599351226898,3.565458919114204e-22,3.307225548735932e-22,3.826755623172705e-22,4.998433098480215e-35,4.6364145603584715e-35,5.36474613804099e-35,2.9422145506137994e-36
18.01520040802025,3.6604805986971666e-22,3.396155956522166e-22,3.92967204453087e-22,5.131644423887566e-35,4.761086504089768e-35,5.509025137901573e-35,2.9720863630143988e-36
18.329807108324356,3.7570217925887177e-22,3.4864536299666783e-22,4.0341330840572213e-22,5.266985963325134e-35,4.887675223774958e-35,5.655469545007484e-35,3.0023308093168862e-36
18.64990791214297,3.8549403738203104e-22,3.577994051652442e-22,4.1399797319103615e-22,5.404258468348362e-35,5.016006157879965e-35,5.80385644273782e-35,3.032954100285728e-36
18.975598765218503,3.9540793033376794e-22,3.6706399237702405e-22,4.247036881262464e-22,5.543241785191801e-35,5.145886827980693e-35,5.953940348033084e-35,3.0639625788488005e-36
19.306977288832496,4.05426618067165e-22,3.764240807923756e-22,4.355112897935842e-22,5.683694224852474e-35,5.277106333804134e-35,6.105452608066729e-35,3.095362723302914e-36
19.644142809066278,4.1553128652050868e-22,3.858632822704546e-22,4.463999270661566e-22,5.825352032142285e-35,5.409434929257353e-35,6.258100909941129e-35,3.12716115060134e-36
19.987196386572506,4.257015178586146e-22,3.953638407246046e-22,4.573470353178551e-22,5.967928968499803e-35,5.542623690952768e-35,6.411568919135102e-35,3.1593646197254224e-36
20.336240846866723,4.359152699133934e-22,4.0490661591687836e-22,4.683283209627135e-22,6.111116023766618e-35,5.676404291022807e-35,6.565516062760481e-35,3.1919800351425084e-36
20.69138081114789,4.461488659270302e-22,4.144710755448201e-22,4.793177574805382e-22,6.254581272396508e-35,5.810488886184147e-35,6.719577473845225e-35,3.225014450352423e-36
21.05272272765707,4.563769957071992e-22,4.240352964765091e-22,4.902875940827808e-22,6.397969889650438e-35,5.944570135051848e-35,6.873364112820697e-35,3.2584750715248064e-36
21.42037490358384,4.6657272929582655e-22,4.335759759819384e-22,5.012083781541537e-22,6.540904343219581e-35,6.07832135559256e-35,7.026463082131685e-35,3.2923692612296785e-36
21.794447537529855,4.767292753480995e-22,4.430901165825221e-22,5.120741827932947e-22,6.683289424931677e-35,6.211700526017464e-35,7.17879129227804e-35,3.326704542263672e-36
22.17505275253932,4.868967225916503e-22,4.526284112443534e-22,5.22943610989917e-22,6.825827330940818e-35,6.345418313327151e-35,7.331170301241769e-35,3.361488601574411e-36
22.56230462970634,4.970710490219535e-22,4.621838913390866e-22,5.338107793714978e-22,6.968461676582372e-35,6.479377024003447e-35,7.483517629755501e-35,3.396729294285617e-36
22.956319242369098,5.072430786161727e-22,4.717439755423838e-22,5.446636575636737e-22,7.111063822774249e-35,6.613400279887406e-35,7.635664623453086e-35,3.4324346478255526e-36
23.357214690901213,5.174034097866282e-22,4.812955016937771e-22,5.554898418729708e-22,7.253501968230549e-35,6.747303560051925e-35,7.787437394390752e-35,3.468612866161508e-36
23.76511113811074,5.275424269295493e-22,4.90824737423602e-22,5.662765704407781e-22,7.395641311364044e-35,6.880894349781206e-35,7.938657033491362e-35,3.505272334143102e-36
24.180130845257207,5.376503127874052e-22,5.003173936945278e-22,5.770107400670734e-22,7.537344223594256e-35,7.013972330410075e-35,8.089139846396986e-35,3.542421621957219e-36
24.602398208697764,5.477170616131436e-22,5.097586413730041e-22,5.876789247148845e-22,7.678470433897525e-35,7.146329611639863e-35,8.23869761288379e-35,3.580069489697522e-36
25.032039797173255,5.577324931218031e-22,5.1913313093535915e-22,5.98267395699673e-22,7.81887722439529e-35,7.277751007799082e-35,8.387137869897922e-35,3.618224892051522e-36
25.4691843897454,5.676862672118422e-22,5.284250154011791e-22,6.087621435605593e-22,7.958419636733073e-35,7.40801435934752e-35,8.534264218169216e-35,3.65689698310825e-36
25.913963014396586,5.7756863142521495e-22,5.376182765677697e-22,6.1914924422267495e-22,8.096960950757329e-35,7.536895106372017e-35,8.679881455457882e-35,3.696095121289738e-36
26.366508987303583,5.874139242915504e-22,5.46718765407672e-22,6.294381530693668e-22,8.234982559878963e-35,7.664475273923122e-35,8.824122137213731e-35,3.735828874409476e-36
26.826957952797247,5.972292901291714e-22,5.55734114013156e-22,6.396346872060111e-22,8.372584620621946e-35,7.790861856649992e-35,8.967067813701987e-35,3.7761080248612075e-36
27.29544792402006,6.0699085416995035e-22,5.646624767522822e-22,6.497324910786219e-22,8.509432431524465e-35,7.916028980554406e-35,9.108629386121839e-35,3.816942574941458e-36
27.772119324293552,6.166735857688794e-22,5.735024421996972e-22,6.597253987364021e-22,8.64517508683407e-35,8.039956858800043e-35,9.248720413728221e-35,3.8583427523092765e-36
28.257115029208283,6.262513282795262e-22,5.822530355298953e-22,6.6960744343784e-22,8.779445895333054e-35,8.162631825263739e-35,9.387257248500111e-35,3.900319015586798e-36
28.7505804094488,6.356968387490763e-22,5.909137199023206e-22,6.793728666658837e-22,8.911862936825064e-35,8.284046353953291e-35,9.524159161524669e-35,3.9428820601042894e-36
29.25266337436645,6.44981837955765e-22,5.994843969055025e-22,6.890161265385193e-22,9.042029763612135e-35,8.404199065233808e-35,9.659348460905528e-35,3.986042823793456e-36
29.76351441631318,6.54077071263177e-22,6.079654061313463e-22,6.985319056034812e-22,9.169536253613883e-35,8.523094719859681e-35,9.792750601037175e-35,4.029812493232908e-36
30.283286655749457,6.629544107714021e-22,6.163593089181988e-22,7.079171183436519e-22,9.293988080520312e-35,8.640769225349854e-35,9.924322325914604e-35,4.074202509849726e-36
30.812135887140023,6.716416673866538e-22,6.247034001106331e-22,7.172108235678327e-22,9.415775126692346e-35,8.757745419829083e-35,1.0054611202757433e-34,4.119224576281234e-36
31.35022062565114,6.801597073995241e-22,6.329887953845263e-22,7.264092593319502e-22,9.535189917608202e-35,8.873898753552834e-35,1.0183564492700351e-34,4.1648906629011756e-36
31.897702154663214,6.885116282724748e-22,6.411830830141043e-22,7.354841110338317e-22,9.652275876735215e-35,8.988774845061203e-35,1.0310785252045836e-34,4.2112130145145556e-36
32.454744574113306,6.967012233446893e-22,6.4925246234719e-22,7.444060207197637e-22,9.76708618306817e-35,9.101899841471786e-35,1.0435861910303596e-34,4.258204157225608e-36
33.02151484968176,7.047329666457329e-22,6.571617990038388e-22,7.53144639080349e-22,9.879683558231328e-35,9.212781192311858e-35,1.0558368999122862e-34,4.3058769054833706e-36
33.59818286283781,7.126119969709093e-22,6.648746978195133e-22,7.616686886654351e-22,9.99014004323011e-35,9.320908672112058e-35,1.0677868038505332e-34,4.354244369309547e-36
34.18492146175929,7.203441014275126e-22,6.723535944148906e-22,7.699460387352368e-22,1.009853676778526e-34,9.425755664127695e-35,1.0793908586146484e-34,4.403319961713427e-36
34.7819065131413,7.279478565688823e-22,6.79581509371494e-22,7.779652076627366e-22,1.0205134157444159e-34,9.527084133117774e-35,1.0906329680594202e-34,4.4531174062987e-36
35.38931695490988,7.354760542862909e-22,6.866457370673286e-22,7.858136503503502e-22,1.0310672304135097e-34,9.626117862943589e-35,1.10163573561088e-34,4.503650745067283e-36
36.007334849856186,7.428921887750056e-22,6.935429275438735e-22,7.934824180161122e-22,1.0414639431318774e-34,9.722809890384055e-35,1.1123866159308313e-34,4.554934346425226e-36
36.63614544020716,7.501456632910031e-22,7.002517351265792e-22,8.009441092438662e-22,1.0516326220936172e-34,9.81686096945542e-35,1.1228471948491577e-34,4.606982913396044e-36
37.2759372031494,7.5718419167452645e-22,7.06750377837804e-22,8.08170693404627e-22,1.0614999670932157e-34,9.90796573762101e-35,1.1329781760994126e-34,4.659811492046863e-36
37.926901907322495,7.639539241653579e-22,7.130166918093226e-22,8.151335801498016e-22,1.0709904859065513e-34,9.995813478602665e-35,1.1427394787416813e-34,4.71343548013298e-36
38.58923467029903,7.7039960980293875e-22,7.190281916373247e-22,8.218036979207744e-22,1.0800267219603626e-34,1.0080088968500214e-34,1.1520903472255268e-34,4.76787063596656e-36
39.263134017068374,7.765212444213426e-22,7.247960136426088e-22,8.282024004092137e-22,1.0886086694144184e-34,1.0160948327902166e-34,1.1610607173885602e-34,4.823133087515288e-36
39.9488019395417,7.824332851886126e-22,7.30389142213101e-22,8.344298112299048e-22,1.0968967862939218e-34,1.023935865208492e-34,1.1697909529823864e-34,4.87923934173706e-36
40.64644395709628,7.881227334688608e-22,7.3578872830371305e-22,8.404459551125926e-22,1.1048728497520163e-34,1.0315055695426857e-34,1.1782250124935577e-34,4.9362062941568666e-36
41.35626917817708,7.935680889034121e-22,7.409702599193351e-22,8.462016846234449e-22,1.1125067183379465e-34,1.0387695823152074e-34,1.1862939959107306e-34,4.99405123869218e-36
42.07849036297403,7.987476253846489e-22,7.459088561291398e-22,8.516468713541266e-22,1.1197679341224862e-34,1.0456930228358035e-34,1.1939276279899374e-34,5.0527918777334246e-36
42.81332398719393,8.036394526858238e-22,7.505793372490188e-22,8.567305658652256e-22,1.1266258090970537e-34,1.052240591590636e-34,1.201054482480005e-34,5.1124463324861326e-36
43.56099030694608,8.08291886187301e-22,7.550228415694177e-22,8.614881498381952e-22,1.133148076813446e-34,1.0584699605364544e-34,1.2077241611213165e-34,5.1730331535817084e-36
44.32171342476086,8.129298568711563e-22,7.59450389701232e-22,8.661911486978594e-22,1.1396500690399397e-34,1.0646769604288198e-34,1.2143173166436638e-34,5.2345713319637826e-36
45.095721356761466,8.175310544864565e-22,7.638423702144693e-22,8.708270598314325e-22,1.1461005089341339e-34,1.0708340979147004e-34,1.220816421577236e-34,5.297080310057417e-36
45.883246101008446,8.220478219153395e-22,7.681553421759284e-22,8.753533653179011e-22,1.1524325857654313e-34,1.076880472951979e-34,1.2271618698549064e-34,5.360579993228541e-36
46.6845237070379,8.26431492765058e-22,7.723449262803352e-22,8.79726727604261e-22,1.1585780738961766e-34,1.082753869990455e-34,1.2332929063637262e-34,5.425090761541236e-36
47.4997943466141,8.306324548534778e-22,7.763658624560431e-22,8.83903053208224e-22,1.1644674217822643e-34,1.088390838729539e-34,1.239147716250041e-34,5.490633481820697e-36
48.32930238571752,8.3460024293969365e-22,7.80172093500624e-22,8.878375781039818e-22,1.1700298819726131e-34,1.0937268113673678e-34,1.2446635446221812e-34,5.557229520029811e-36
49.17329645779018,8.382836614958116e-22,7.8371687547133275e-22,8.914849752848833e-22,1.1751936832234857e-34,1.0986962573577e-34,1.2497768473430693e-34,5.624900753967661e-36
50.03202953826004,8.416309381385226e-22,7.869529153993324e-22,8.947994848649042e-22,1.1798862455949104e-34,1.1032328764721156e-34,1.254423473420063e-34,5.693669586298331e-36
50.905759020366816,8.4458990811140415e-22,7.898325366973194e-22,8.977350669184796e-22,1.1840344390772616e-34,1.1072698306857188e-34,1.2585388792718129e-34,5.7635589579186756e-36
51.7947467923121,8.471111368552473e-22,7.92310214308368e-22,9.002483757724449e-22,1.187568961136822e-34,1.1107432982138497e-34,1.2620622984016802e-34,5.8345923616739806e-36
52.699259315756564,8.494731807978057e-22,7.946079807116697e-22,9.026104125437115e-22,1.1908803212984142e-34,1.11396454740039e-34,1.2653736485098058e-34,5.906793856430568e-36
53.61956770568817,8.518330047527416e-22,7.968609093008304e-22,9.049703249209429e-22,1.194188569249247e-34,1.117122938251061e-34,1.2686820204202573e-34,5.980188081514764e-36
54.55594781168517,8.541144155919262e-22,7.990185680506345e-22,9.072518242216888e-22,1.197386889495956e-34,1.1201477698800074e-34,1.2718804646816321e-34,6.054800271527804e-36
55.50868030059805,8.562404212066686e-22,8.010300101056992e-22,9.093778685262541e-22,1.2003673464506873e-34,1.1229676196586184e-34,1.2748609758758025e-34,6.130656271546521e-36
56.47805074067555,8.58133335495243e-22,8.028438501785611e-22,9.112707616235087e-22,1.2030210316135913e-34,1.1255104503183514e-34,1.2775146313304985e-34,6.207782552719976e-36
57.46434968715974,8.597149532606939e-22,8.044083736106087e-22,9.128523178307484e-22,1.2052383087628503e-34,1.1277037628437522e-34,1.279731822181021e-34,6.286206228272354e-36
58.467872769375894,8.609067957361604e-22,8.0567167838641e-22,9.140440933256456e-22,1.2069091581577514e-34,1.1294747955629854e-34,1.2814025776755567e-34,6.365955069922836e-36
59.48892077934334,8.616304269255455e-22,8.065818501691162e-22,9.147676841579437e-22,1.2079236200181095e-34,1.1307507695307661e-34,1.282416982959131e-34,6.447057524733332e-36
60.527799761933494,8.61819775863225e-22,8.070953865003147e-22,9.149556978512473e-22,1.2081890691562794e-34,1.131470698452503e-34,1.2826805602121285e-34,6.529542732395338e-36
61.584821106602604,8.61819775863225e-22,8.074498022442276e-22,9.149092871908863e-22,1.2081890691562794e-34,1.1319675554981697e-34,1.2826154968959793e-34,6.61344054296739e-36
62.66030164072653,8.61819775863225e-22,8.077706097488056e-22,9.148002233250136e-22,1.2081890691562794e-34,1.1324172970000355e-34,1.282462599765654e-34,6.698781535075006e-36
63.75456372456507,8.61819775863225e-22,8.080521751017731e-22,9.146334675187327e-22,1.2081890691562794e-34,1.1328120247508204e-34,1.2822288240412976e-34,6.785597034585132e-36
64.86793534788511,8.61819775863225e-22,8.08288861809461e-22,9.144139890001387e-22,1.2081890691562794e-34,1.1331438369243769e-34,1.281921136106411e-34,6.873919133767668e-36
66.00075022827095,8.61819775863225e-22,8.084750337197937e-22,9.141467619703422e-22,1.2081890691562794e-34,1.1334048321734386e-34,1.2815465093161869e-34,6.963780710956753e-36
67.15334791115141,8.61819775863225e-22,8.086050583362222e-22,9.138367628810666e-22,1.2081890691562794e-34,1.1335871142754395e-34,1.2811119201809632e-34,7.055215450724973e-36
68.32607387157402,8.61819775863225e-22,8.08673310521411e-22,9.134889679809488e-22,1.2081890691562794e-34,1.1336827973247273e-34,1.2806243449263691e-34,7.148257864583924e-36
69.51927961775606,8.617343508377786e-22,8.086125691809843e-22,9.130541498679561e-22,1.2080693114240165e-34,1.1335976437629215e-34,1.2800147714332769e-34,7.242943312224937e-36
70.73332279644438,8.610692342025253e-22,8.080668131429149e-22,9.122191513026576e-22,1.207136881383615e-34,1.1328325458873696e-34,1.2788441831413752e-34,7.339308023314186e-36
71.96856730011518,8.598628350179924e-22,8.0707386446129905e-22,9.110013978988054e-22,1.2054456248719715e-34,1.1314405266079794e-34,1.2771370090979524e-34,7.43738911985665e-36
73.22538337604533,8.582570335402099e-22,8.057469145499809e-22,9.094832792756653e-22,1.2031944444662439e-34,1.1295802694833775e-34,1.2750087516855215e-34,7.537224639143889e-36
74.50414773728913,8.563933749244786e-22,8.041989429407392e-22,9.077470030792953e-22,1.2005817729643511e-34,1.1274101610337577e-34,1.2725746581775265e-34,7.638853557301e-36
75.8052436755926,8.54412531126481e-22,8.025423307574793e-22,9.058743626409515e-22,1.19780481902169e-34,1.1250877488685913e-34,1.2699493950176033e-34,7.742315813448398e-36
77.12906117627992,8.524539942895484e-22,8.008886314174358e-22,9.039465783303907e-22,1.1950591373093484e-34,1.1227694202315974e-34,1.2672468254120526e-34,7.847652334494602e-36
78.47599703514611,8.50541010255229e-22,7.992478334428708e-22,9.01939306757547e-22,1.192377316278472e-34,1.12046917807763e-34,1.2644328222514629e-34,7.95490506057659e-36
79.84645497739086,8.4840617360085e-22,7.973826629439274e-22,8.996011036345596e-22,1.189384479049051e-34,1.117854387059776e-34,1.261154884643416e-34,8.064116971164705e-36
81.24084577862966,8.460588139648769e-22,7.953058007308246e-22,8.969739978717683e-22,1.186093704883744e-34,1.114942824463639e-34,1.257471933108749e-34,8.175332111849535e-36
82.65958738801808,8.435315432047759e-22,7.930505642143789e-22,8.941223670218542e-22,1.1825507124940719e-34,1.1117811981191953e-34,1.2534742188317887e-34,8.288595621828733e-36
84.10310505352605,8.408567328936114e-22,7.906500464398083e-22,8.911100041511015e-22,1.178800883735758e-34,1.1084159013172665e-34,1.2492511736027208e-34,8.403953762112049e-36
85.57183144940007,8.380664529899977e-22,7.881370500420371e-22,8.879999825310358e-22,1.1748891776298547e-34,1.1048929202211605e-34,1.2448912201281796e-34,8.521453944463551e-36
87.06620680585127,8.351753426613367e-22,7.855242352759312e-22,8.848275566766947e-22,1.17083611689182e-34,1.1012300032998388e-34,1.2404437818733723e-34,8.641144761100258e-36
88.58667904100822,8.321350363418593e-22,7.827531001195217e-22,8.815194773632774e-22,1.1665738976147094e-34,1.0973451363022404e-34,1.2358061704164183e-34,8.763076015167144e-36
90.13370389517434,8.289497713956641e-22,7.798284900802003e-22,8.780744375598138e-22,1.1621084601785528e-34,1.093245112167248e-34,1.2309765534246475e-34,8.887298752008857e-36
91.70774506742931,8.256310683496433e-22,7.76763813614711e-22,8.745021415891667e-22,1.1574559552624737e-34,1.0889487282714436e-34,1.2259685354324822e-34,9.013865291259023e-36
93.30927435461663,8.221903580152134e-22,7.7357237544586135e-22,8.708122203679587e-22,1.1526324077730608e-34,1.0844746365663302e-34,1.2207956180658022e-34,9.142829259768702e-36
94.93877179275825,8.186389650203908e-22,7.702673550997082e-22,8.670142189888865e-22,1.147653693757912e-34,1.0798413134895168e-34,1.2154711826335341e-34,9.274245625395969e-36
96.59672580093833,8.149880928391085e-22,7.6686178761581305e-22,8.63117585294285e-22,1.1425355194181623e-34,1.0750670329223355e-34,1.21000847410888e-34,9.408170731679163e-36
98.28363332770026,8.112488103057161e-22,7.633685464113618e-22,8.591316594344219e-22,1.1372934022031021e-34,1.070169842166975e-34,1.204420586491042e-34,9.54466233341717e-36
100.0,8.074320395974714e-22,7.598003282719597e-22,8.55065664400796e-22,1.1319426539627776e-34,1.0651675409050056e-34,1.198720449533811e-34,9.683779633180424e-36
101.74634027476063,8.035485456633878e-22,7.561696404347315e-22,8.50928697522043e-22,1.126498366128242e-34,1.06007766308912e-34,1.1929208168236373e-34,9.825583318777089e-36
103.52317759307378,7.996089270737354e-22,7.5248878972319745e-22,8.467297229074913e-22,1.1209753968834304e-34,1.0549174617112655e-34,1.1870342551862177e-34,9.97013560169957e-36
105.3310445370937,7.956236082609951e-22,7.487698736880661e-22,8.424775648212005e-22,1.1153883602877189e-34,1.0497038963828823e-34,1.1810731353975295e-34,1.0117500256577017e-35
107.17048298967103,7.916028331201653e-22,7.450247737038537e-22,8.381809019673642e-22,1.109751617304164e-34,1.0444536236570206e-34,1.1750496241725114e-34,1.026774266166026e-35
109.04204429677526,7.875261555807323e-22,7.412334096628156e-22,8.338189095033918e-22,1.104036504493386e-34,1.039138493139174e-34,1.1689345270694832e-34,1.0420929840366386e-35
110.94628943275218,7.83318549590834e-22,7.373179387653717e-22,8.293191749842472e-22,1.0981378424915541e-34,1.0336493766540564e-34,1.1626263287519286e-34,1.057713050391058e-35
112.88378916846884,7.789877398759332e-22,7.332856433406619e-22,8.246898525613004e-22,1.092066460626479e-34,1.027996483332058e-34,1.1561364605617932e-34,1.0736415095054053e-35
114.8551242423938,7.745465983158393e-22,7.291491427400825e-22,8.199440675320007e-22,1.085840404045094e-34,1.0221975042993796e-34,1.1494833229133535e-34,1.0898855832997136e-35
116.86088553466509,7.700078027614953e-22,7.249208648804516e-22,8.150947487908429e-22,1.07947744588438e-34,1.0162698623092146e-34,1.1426850408826898e-34,1.10645267594477e-35
118.90167424419899,7.653838212234572e-22,7.206130306738799e-22,8.101546127731465e-22,1.0729950651051244e-34,1.0102306899139139e-34,1.1357594416983968e-34,1.1233503785895916e-35
120.97810206889012,7.606868980297578e-22,7.162376404748013e-22,8.051361493270153e-22,1.0664104270865665e-34,1.004096810465017e-34,1.128724034935419e-34,1.1405864742126733e-35
123.09079138896018,7.559290419101259e-22,7.118064624989227e-22,8.000516094723728e-22,1.0597403669216093e-34,9.978847218777248e-35,1.1215959953543878e-34,1.1581689426002938e-35
125.24037545350731,7.511220159581175e-22,7.0733102316338075e-22,7.949129950007301e-22,1.0530013753446873e-34,9.916105830887213e-35,1.1143921483214876e-34,1.1761059654551893e-35
127.42749857031335,7.462773294181162e-22,7.028225992928079e-22,7.897320498648993e-22,1.0462095872179234e-34,9.852902031298216e-35,1.1071289577376567e-34,1.1944059316390325e-35
129.65281629896677,7.41404339382817e-22,6.982907502425861e-22,7.845179211865553e-22,1.039378120292186e-34,9.789369833048764e-35,1.0998192469944335e-34,1.2130774425522347e-35
131.91699564735717,7.364372565977661e-22,6.936854688061722e-22,7.791886645154074e-22,1.032414744312003e-34,9.724808182832618e-35,1.0923481377937195e-34,1.232129317654672e-35
134.2207152716012,7.313551481611092e-22,6.889873000879768e-22,7.737218571547216e-22,1.0252901133469202e-34,9.658944341582398e-35,1.0846841956548332e-34,1.2515706001310335e-35
136.56466567946097,7.261798836315071e-22,6.842092544323196e-22,7.681484621292079e-22,1.018034886430835e-34,9.591960701907706e-35,1.0768708277831446e-34,1.2714105627046084e-35
138.94954943731375,7.209328278677592e-22,6.793640705537873e-22,7.624986917120213e-22,1.0106790150566095e-34,9.524035848428549e-35,1.068950388901999e-34,1.2916587136033952e-35
141.376081380736,7.156348177451585e-22,6.744642026468765e-22,7.568019726176261e-22,1.0032517105346239e-34,9.455344377064833e-35,1.060964132456435e-34,1.3123248026825355e-35
143.8449888287663,7.103061449391827e-22,6.695218097585316e-22,7.5108692269822065e-22,9.95781419857154e-35,9.386056746049486e-35,1.0529521779437969e-34,1.3334188277071978e-35
146.357011801908,7.049665445373877e-22,6.645487473487625e-22,7.453813386523087e-22,9.882958097333327e-35,9.316339157616372e-35,1.044953493682324e-34,1.354951040800099e-35
148.91290324394086,6.996351892291296e-22,6.595565609599989e-22,7.397121942348864e-22,9.80821758443695e-35,9.246353469250686e-35,1.037005894302004e-34,1.3769319550580192e-35
151.5134292476053,6.943280431039211e-22,6.545529827227455e-22,7.3410373504200305e-22,9.733816461180415e-35,9.176208078042151e-35,1.0291433698143713e-34,1.399372351341726e-35
154.15936928422718,6.890091046346529e-22,6.494854602175993e-22,7.28534507491827e-22,9.659250020515394e-35,9.105166249229525e-35,1.0213358443453405e-34,1.4222832852438717e-35
156.85151643735477,6.836638568257845e-22,6.4434901495857045e-22,7.229801686635619e-22,9.584314748020193e-35,9.033158189190959e-35,1.013549191443371e-34,1.4456760942395595e-35
159.5906776404731,6.782955179996778e-22,6.39164314398814e-22,7.174271002611157e-22,9.50905576150259e-35,8.960473635893584e-35,1.0057643195571432e-34,1.469562405024337e-35
162.3776739188721,6.729072414506436e-22,6.339514377526128e-22,7.1186211034177775e-22,9.433517267139154e-35,8.887394080756991e-35,9.979627348420853e-35,1.4939541410445934e-35
165.213340635737,6.675021144044774e-22,6.287298641557347e-22,7.062724341651708e-22,9.357742544888926e-35,8.814192602672734e-35,9.901265423505226e-35,1.5188635302253702e-35
168.09852774253636,6.620831571068274e-22,6.235184669222069e-22,7.006457373812183e-22,9.281773935713213e-35,8.741133787489792e-35,9.822384505009023e-35,1.5443031129007988e-35
171.03410003378394,6.566533220369571e-22,6.183355135924001e-22,6.949701214128518e-22,9.205652830553287e-35,8.668473728688663e-35,9.742817786238375e-35,1.5702857499524955e-35
174.0209374062485,6.512146482780192e-22,6.131955475565528e-22,6.892372176906451e-22,9.129407815408745e-35,8.596416310719517e-35,9.662447947837328e-35,1.5968246311613513e-35
177.0599351226898,6.457664562503062e-22,6.080918430053866e-22,6.834591657685281e-22,9.05302936322071e-35,8.524867244155735e-35,9.58144517476535e-35,1.623933283778347e-35
180.15200408020237,6.403122617203659e-22,6.0301821516807275e-22,6.776469333135653e-22,8.976566761680552e-35,8.453739824413368e-35,9.499963223246569e-35,1.6516255813201524e-35
183.29807108324357,6.348560430826044e-22,5.979698721819948e-22,6.718099701951108e-22,8.900075784080655e-35,8.382966874152139e-35,9.418134571429877e-35,1.6799157525954021e-35
186.49907912142962,6.294016671010283e-22,5.929421801834474e-22,6.659574530105812e-22,8.823610638761749e-35,8.312483431025702e-35,9.336087866452429e-35,1.708818390967707e-35
189.75598765218504,6.239528887274759e-22,5.879306614925839e-22,6.600982822233273e-22,8.747223966564684e-35,8.242226722236339e-35,9.253947884315337e-35,1.7383484638616604e-35
193.06977288832496,6.185133511433523e-22,5.829309931455428e-22,6.542410804989172e-22,8.670966841415519e-35,8.172136143956776e-35,9.171835506559935e-35,1.7685213225181664e-35
196.44142809066267,6.1308658601487925e-22,5.779390057527146e-22,6.483941921826252e-22,8.594888773903869e-35,8.102153245324171e-35,9.089867712942692e-35,1.7993527120057075e-35
199.87196386572506,6.076760139518955e-22,5.729506826624435e-22,6.425656838605166e-22,8.519037717714869e-35,8.032221716716015e-35,9.00815758930107e-35,1.830858781494223e-35
203.36240846866724,6.022849451603222e-22,5.679621594096899e-22,6.367633459464534e-22,8.443460078776098e-35,7.962287382020899e-35,8.926814349801831e-35,1.8630560947985303e-35
206.913808111479,5.9691658027838695e-22,5.629697234292964e-22,6.309946952375841e-22,8.368200726980648e-35,7.892298194618785e-35,8.845943372766575e-35,1.8959616411983825e-35
210.5272272765707,5.915740113868874e-22,5.5796981401368065e-22,6.2526697838171765e-22,8.29330301035006e-35,7.822204236787894e-35,8.765646249280998e-35,1.929592846542396e-35
214.2037490358383,5.862602231838092e-22,5.529590224948518e-22,6.195871762006888e-22,8.218808771501337e-35,7.751957722256406e-35,8.686020843804366e-35,1.963967584643357e-35
217.94447537529857,5.809736942948173e-22,5.479263110907697e-22,6.139517191354567e-22,8.144696682218385e-35,7.681403911855156e-35,8.607017114525897e-35,1.9991041889725237e-35
221.75052752539318,5.757021244946591e-22,5.428519498135589e-22,6.083324662221818e-22,8.070794305083142e-35,7.610266209985467e-35,8.528240551991773e-35,2.035021464660807e-35
225.6230462970633,5.704452507909587e-22,5.377485423748761e-22,6.027301046582654e-22,7.997097953193512e-35,7.538721308655123e-35,8.449700790053666e-35,2.0717387008149026e-35
229.56319242369096,5.65203830690686e-22,5.326304424953428e-22,5.971476715392245e-22,7.923618246074207e-35,7.466970433327291e-35,8.371440405891959e-35,2.109275683156632e-35
233.57214690901213,5.599786042349786e-22,5.2751151138023285e-22,5.915881013591912e-22,7.850365558395642e-35,7.39520790487005e-35,8.293500538313549e-35,2.1476527069939904e-35
237.65111138110728,5.547702940381286e-22,5.224051154510774e-22,5.8605422691232495e-22,7.777350020520494e-35,7.323621107755651e-35,8.215920900388785e-35,2.1868905905326608e-35
241.80130845257204,5.495796053348171e-22,5.1732412754615205e-22,5.805487803332962e-22,7.704581519165876e-35,7.252390506890206e-35,8.138739794038053e-35,2.2270106885368853e-35
246.0239820869775,5.444072260353694e-22,5.122809313810563e-22,5.750743942687393e-22,7.632069698177972e-35,7.181689710146752e-35,8.06199412645443e-35,2.2680349063489095e-35
250.32039797173255,5.392538267888004e-22,5.072874290624658e-22,5.696336031718268e-22,7.55982395941587e-35,7.111685573700885e-35,7.985719428252381e-35,2.309985714276449e-35
254.691843897454,5.341200610534659e-22,5.023550514521256e-22,5.642288447121447e-22,7.48785346374202e-35,7.042538347324057e-35,7.909949873232862e-35,2.3528861623577895e-35
259.13963014396575,5.29006302416034e-22,4.974945607461391e-22,5.588623111973854e-22,7.416163448484942e-35,6.97439890673363e-35,7.834716195457265e-35,2.3967598955145235e-35
263.6650898730358,5.238977885731133e-22,4.926989221158051e-22,5.535264066005675e-22,7.344546960241002e-35,6.907168630345628e-35,7.759911905877362e-35,2.441631169102052e-35
268.26957952797244,5.187915177540777e-22,4.879544143764167e-22,5.482170048778988e-22,7.272961917051071e-35,6.840655160246675e-35,7.685479161297294e-35,2.487524864868337e-35
272.9544792402007,5.136953862158339e-22,4.832534914095399e-22,5.429356918954538e-22,7.201519016900381e-35,6.77475270705874e-35,7.611440194045794e-35,2.5344665073316565e-35
277.7211932429355,5.086170033406118e-22,4.785888823515632e-22,5.376839948915713e-22,7.130324936064997e-35,6.709359340213684e-35,7.537816414546697e-35,2.582482280588317e-35
282.5711502920827,5.035636934511676e-22,4.739535858350432e-22,5.3246338322770695e-22,7.059482354559246e-35,6.644376907222423e-35,7.464628421845172e-35,2.631599045561714e-35
287.50580409448804,4.985424987100479e-22,4.693408652831743e-22,5.272752691810026e-22,6.989089996780623e-35,6.579710967707883e-35,7.3918960147188e-35,2.6818443577042626e-35
292.5266337436645,4.935601830336247e-22,4.647442451905015e-22,5.221210087758835e-22,6.919242686380823e-35,6.515270741264149e-35,7.319638203335759e-35,2.7332464851641377e-35
297.6351441631316,4.886232369528471e-22,4.601575083246704e-22,5.170019026519224e-22,6.85003141440885e-35,6.450969068227665e-35,7.247873221421463e-35,2.785834427429084e-35
302.8328665574946,4.837368582302771e-22,4.555740023094819e-22,5.119181848307922e-22,6.781529048534807e-35,6.386712688633497e-35,7.1766043497364e-35,2.8396379344597624e-35
308.1213588714002,4.788818448825184e-22,4.509768655296385e-22,5.0684904204329015e-22,6.713466395278856e-35,6.322265218728785e-35,7.105539806111627e-35,2.894687526325549e-35
313.5022062565112,4.740537193374067e-22,4.463740691093139e-22,5.017954655057637e-22,6.645780683352887e-35,6.257738406066385e-35,7.034693486454267e-35,2.951014513356018e-35
318.97702154663216,4.692587821199582e-22,4.41782641276995e-22,4.967699611470669e-22,6.578560240104072e-35,6.193370970157047e-35,6.964240711950537e-35,3.0086510168216173e-35
324.5474457411329,4.645030793680131e-22,4.372189397767922e-22,4.917845440829339e-22,6.511889826614184e-35,6.12939223096051e-35,6.894349923055173e-35,3.0676299901574696e-35
330.21514849681756,4.597924075861822e-22,4.3269865885143425e-22,4.868507468415836e-22,6.445850704345373e-35,6.066022206780422e-35,6.825182794806553e-35,3.1279852407446196e-35
335.9818286283781,4.551323191460697e-22,4.28236842039951e-22,4.819796303793731e-22,6.380520712248058e-35,6.003471793675636e-35,6.756894391255646e-35,3.1897514522632983e-35
341.84921461759274,4.505281284765843e-22,4.238479003758089e-22,4.771817976866337e-22,6.315974353543168e-35,5.941943020580708e-35,6.68963335620685e-35,3.252964207633362e-35
347.819065131413,4.459808593898378e-22,4.1953944995033523e-22,4.724642414042406e-22,6.25222598109933e-35,5.881542657826847e-35,6.623497719811085e-35,3.317660012557225e-35
353.8931695490988,4.414723303351873e-22,4.1528544791762834e-22,4.678140687335071e-22,6.189020706929958e-35,5.821905609571172e-35,6.558306737336333e-35,3.3838763196811963e-35
360.073348498562,4.370021842313448e-22,4.110808037925266e-22,4.632253670105083e-22,6.12635352509621e-35,5.762960512070342e-35,6.49397751887772e-35,3.451651553391515e-35
366.3614544020716,4.325732914531817e-22,4.0692512064629563e-22,4.58694499069366e-22,6.064264675514147e-35,5.704701800762351e-35,6.43045907484114e-35,3.5210251352616475e-35
372.7593720314938,4.281883966168146e-22,4.0281800082458776e-22,4.542179490743719e-22,6.00279263508212e-35,5.647123900912789e-35,6.367702116565656e-35,3.592037510168134e-35
379.26901907322497,4.238501216216647e-22,3.987590460936498e-22,4.497923189936403e-22,5.941974160327533e-35,5.590221229664529e-35,6.305659006887493e-35,3.6647301730924334e-35
385.8923467029903,4.195609688550842e-22,3.947478577827481e-22,4.454143253244728e-22,5.881844332332655e-35,5.533988198034399e-35,6.244283714232768e-35,3.739145696626853e-35
392.63134017068353,4.1532332454493426e-22,3.9078403692289723e-22,4.410807960573698e-22,5.822436603734559e-35,5.478419212858018e-35,6.183531770055827e-35,3.8153277592031237e-35
399.48801939541704,4.111394622461407e-22,3.868671843819235e-22,4.367886678660216e-22,5.763782847603304e-35,5.423508678683267e-35,6.123360229445607e-35,3.893321174062537e-35
406.4644395709628,4.0701154644792454e-22,3.829969009959268e-22,4.32534983511276e-22,5.705913408011867e-35,5.369250999613246e-35,6.06372763473174e-35,3.9731719189871884e-35
413.5626917817706,4.029416362890753e-22,3.791727876971699e-22,4.2831688944738485e-22,5.648857152120726e-35,5.315640581099174e-35,6.004593981926411e-35,4.0549271668123814e-35
420.78490362974026,3.9893168936934113e-22,3.7539444563846024e-22,4.241316336193537e-22,5.592641523609916e-35,5.262671831684087e-35,5.945920689845303e-35,4.1386353167406565e-35
428.1332398719391,3.9498356564573527e-22,3.716614763140799e-22,4.199765634406011e-22,5.53729259730152e-35,5.21033916469818e-35,5.887670571756311e-35,4.2243460264785516e-35
435.6099030694608,3.910966220200328e-22,3.6797535484723714e-22,4.1584545305106776e-22,5.482801357572232e-35,5.158663259960893e-35,5.829756347043692e-35,4.312110245217805e-35
443.21713424760856,3.872627158840275e-22,3.6434106993305297e-22,4.1172758058054874e-22,5.429053652826734e-35,5.107714054216353e-35,5.77202770532069e-35,4.4019802474830566e-35
450.9572135676145,3.83480494550732e-22,3.607556794660406e-22,4.0763050110239292e-22,5.376030519684538e-35,5.057450301953734e-35,5.714590561504696e-35,4.494009667869002e-35
458.8324610100845,3.7974937429570167e-22,3.57215656874152e-22,4.0356292767778116e-22,5.323723774886068e-35,5.007822563998869e-35,5.657567064397264e-35,4.5882535366902654e-35
466.84523707037897,3.76068776930337e-22,3.5371759710627056e-22,3.995332269951188e-22,5.272125312779012e-35,4.958783104785062e-35,5.601074506984227e-35,4.684768316568026e-35
474.99794346614124,3.7243812981967036e-22,3.502582130735284e-22,3.9554942648300394e-22,5.221227105567677e-35,4.910285842463755e-35,5.545225426152735e-35,4.7836119399781096e-35
483.2930238571752,3.688568658980464e-22,3.4683433239745745e-22,3.9161922308598085e-22,5.171021203532813e-35,4.862286303316711e-35,5.490127725718929e-35,4.884843847785682e-35
491.73296457790156,3.653244236827555e-22,3.434428944480832e-22,3.8774999358129453e-22,5.121499735222738e-35,4.814741580232914e-35,5.435884821059001e-35,4.988525028792654e-35
500.3202953826004,3.6184024728569484e-22,3.4008094765578337e-22,3.8394880632037902e-22,5.07265490761682e-35,4.767610295023391e-35,5.38259580371365e-35,5.094718060324313e-35
509.05759020366816,3.5840378642310766e-22,3.3674564708132163e-22,3.802224342852473e-22,5.024479006262008e-35,4.720852564355409e-35,5.330355624426208e-35,5.203487149882526e-35
517.9474679231207,3.550146279119074e-22,3.334340433950822e-22,3.7657729556511264e-22,4.976966238725795e-35,4.6744270414427493e-35,5.279254258681684e-35,5.314898177893667e-35
526.9925931575657,3.516854969277568e-22,3.301235563632242e-22,3.730087286214425e-22,4.930294999825395e-35,4.628017172958724e-35,5.22922635615907e-35,5.429018741579918e-35
536.1956770568817,3.484181805202882e-22,3.268126952424625e-22,3.695068951189065e-22,4.884490342290998e-35,4.581602060105319e-35,5.180133992787256e-35,5.545918199983546e-35
545.5594781168514,3.452031448749066e-22,3.2351858576967744e-22,3.660663588897969e-22,4.839418611141557e-35,4.535421789367894e-35,5.131900958683545e-35,5.665667720174558e-35
555.0868030059805,3.4203118977762975e-22,3.2025767852210526e-22,3.6268186746469273e-22,4.7949508281582085e-35,4.4897069821380066e-35,5.084453619239887e-35,5.788340324672722e-35
564.7805074067552,3.3889343672239227e-22,3.1704576158514613e-22,3.5934834484517324e-22,4.750962525160027e-35,4.44467897230399e-35,5.037720813803221e-35,5.914010940115937e-35
574.6434968715973,3.3578131937769335e-22,3.1389798125026535e-22,3.56060884990072e-22,4.707333610355528e-35,4.4005500964157713e-35,4.991633764358979e-35,6.042756447207836e-35
584.6787276937589,3.3268657627415596e-22,3.1082887017167754e-22,3.528147459767705e-22,4.663948265829226e-35,4.357524088414712e-35,4.946125993677989e-35,6.174655731978083e-35
594.8892077934331,3.296012455804013e-22,3.0785238244477655e-22,3.4960534480098566e-22,4.620694874304379e-35,4.3157965713997123e-35,4.901133252414461e-35,6.309789738390053e-35
605.2779976193349,3.2651675844152746e-22,3.049818478698795e-22,3.464283329442558e-22,4.577453308613829e-35,4.2755544164485574e-35,4.856594578490017e-35,6.448241522331241e-35
615.8482110660261,3.234039118553539e-22,3.0221945013925285e-22,3.4328387613878294e-22,4.5338141705398823e-35,4.2368282368425915e-35,4.812512295311947e-35,6.590096307022752e-35
626.6030164072656,3.2027275702048975e-22,2.9954758085155134e-22,3.401755340741894e-22,4.489918368293647e-35,4.1993711796013376e-35,4.7689363063311997e-35,6.735441539885321e-35
637.5456372456507,3.171512422548416e-22,2.969472116973753e-22,3.371062137535529e-22,4.4461577106168314e-35,4.16291648598863e-35,4.7259073649563294e-35,6.884366950899988e-35
648.6793534788508,3.140662550248793e-22,2.943999690652011e-22,3.3407870742673857e-22,4.402909134126534e-35,4.1272065755076457e-35,4.683464615865375e-35,7.0369646125029e-35
660.0075022827095,3.1104364135604364e-22,2.918880972073899e-22,3.3109569645302365e-22,4.360534975430631e-35,4.0919925295235067e-35,4.641645649156173e-35,7.193329001054529e-35
671.5334791115142,3.081082471632048e-22,2.893944323844101e-22,3.281597553782264e-22,4.319383550541356e-35,4.057033728789955e-35,4.600486557503814e-35,7.353557059924617e-35
683.2607387157399,3.052839800204329e-22,2.869023873599712e-22,3.252733562093192e-22,4.2797900208285293e-35,4.022097636085925e-35,4.560021996086638e-35,7.517748264235593e-35
695.1927961775606,3.0259347306703633e-22,2.8439858762900606e-22,3.224385791815268e-22,4.2420716813029973e-35,3.986996753615707e-35,4.52028112781701e-35,7.686004687307792e-35
707.3332279644438,3.0003499966971925e-22,2.8189399351624e-22,3.1965369802293675e-22,4.206204326213942e-35,3.9518847346708385e-35,4.4812397520103615e-35,7.858431068851427e-35
719.6856730011514,2.975751205432911e-22,2.7940101196433627e-22,3.1691513145893444e-22,4.1717191686992014e-35,3.916935512745623e-35,4.4428476626147526e-35,8.035134884951242e-35
732.2538337604534,2.9517944431695574e-22,2.7692985744535763e-22,3.1421947835103964e-22,4.138134074565143e-35,3.882292284989151e-35,4.4050571789149153e-35,8.216226419890898e-35
745.0414773728909,2.92814685473493e-22,2.7449038318947036e-22,3.1156344226776214e-22,4.1049824126297853e-35,3.848093184283914e-35,4.3678220880876445e-35,8.401818839865528e-35
758.0524367559261,2.904486116135996e-22,2.7209209089236646e-22,3.089438277778175e-22,4.0718123154191906e-35,3.8144714153345957e-35,4.3310975932362196e-35,8.592028268632272e-35
771.2906117627992,2.8805002707946993e-22,2.6974414380037412e-22,3.0635753707141587e-22,4.038186449585698e-35,3.781555438108835e-35,4.294840266024099e-35,8.786973865149422e-35
784.7599703514607,2.856058188927008e-22,2.6744984397581535e-22,3.038032188877502e-22,4.0039209836878095e-35,3.7493915443687245e-35,4.259031163064483e-35,8.986777903256911e-35
798.4645497739086,2.8315367592154727e-22,2.6519626865350825e-22,3.0128410440492487e-22,3.9695442796862256e-35,3.717798569280579e-35,4.223715582390388e-35,9.191565853451478e-35
812.4084577862966,2.806980935400135e-22,2.6298159387279537e-22,2.987998470687063e-22,3.9351193584338654e-35,3.6867509426568654e-35,4.188888665642229e-35,9.401466466811748e-35
826.5958738801812,2.782403183226524e-22,2.608050694443979e-22,2.9634978980295304e-22,3.9006636957161633e-35,3.656238147559915e-35,4.1545412012396504e-35,9.616611861129919e-35
841.0310505352605,2.757815657017061e-22,2.58665962303807e-22,2.9393328910474955e-22,3.866194330733082e-35,3.626249907124989e-35,4.12066416788597e-35,9.837137609307746e-35
855.7183144940002,2.7332301981103996e-22,2.565635560708859e-22,2.9154971472054123e-22,3.8317278639112143e-35,3.59677617838632e-35,4.087248730027899e-35,1.0063182830076789e-34
870.6620680585127,2.7086583337809937e-22,2.544971506218647e-22,2.8919844933091584e-22,3.7972804553891213e-35,3.5678071462768895e-35,4.0542862334364805e-35,1.0294890281103738e-34
885.8667904100823,2.684111276621404e-22,2.5246606167335138e-22,2.868788882437641e-22,3.762867824151384e-35,3.5393332177966574e-35,4.021768200905492e-35,1.0532406454543655e-34
901.3370389517429,2.659599924370582e-22,2.504696203779764e-22,2.8459043909558905e-22,3.728505247787875e-35,3.511345016343886e-35,3.989686328064088e-35,1.0775881675105676e-34
917.0774506742931,2.6351348601705587e-22,2.485071729313297e-22,2.823325215607189e-22,3.694207562853611e-35,3.4838333762047705e-35,3.9580324793002447e-35,1.1025470200697006e-34
933.0927435461664,2.610726353234251e-22,2.4657808018985473e-22,2.801045670682253e-22,3.6599891658049543e-35,3.456789337196681e-35,3.9267986837922195e-35,1.1281330325713116e-34
949.387717927582,2.5863843599072635e-22,2.446817172993292e-22,2.779060185262868e-22,3.6258640144881565e-35,3.4302041394598153e-35,3.8959771316443936e-35,1.1543624487043933e-34
965.9672580093833,2.562118525106058e-22,2.428174733336639e-22,2.7573633005382905e-22,3.591845630155535e-35,3.404069218393501e-35,3.865560170125123e-35,1.181251937286716e-34
982.836333277002,2.537938184115464e-22,2.4098475094367134e-22,2.7359496671920387e-22,3.5579470999854135e-35,3.3783761997322723e-35,3.835540300003266e-35,1.2088186034302193e-34
1000.0,2.513852364728158e-22,2.3918296601551545e-22,2.714814042857351e-22,3.524181080081463e-35,3.353116894757656e-35,3.805910171980982e-35,1.23708e-34
