T_keV,Pdt_per_ne2_Wm3_adopted,Pdt_per_ne2_Wm3_low,Pdt_per_ne2_Wm3_high,Pdd_fullboost_inDT_per_ne2_Wm3_adopted,Ptotal_dt_plus_fullboostdd_per_ne2_Wm3_adopted,Pdd_fullboost_inDT_per_ne2_Wm3_low,Ptotal_dt_plus_fullboostdd_per_ne2_Wm3_low,Pdd_fullboost_inDT_per_ne2_Wm3_high,Ptotal_dt_plus_fullboostdd_per_ne2_Wm3_high,Pbrem_per_ne2_Wm3
1.0,9.240561631482946e-40,8.413701763230177e-40,1.0092055684587752e-39,5.378905958194108e-41,9.778452227302356e-40,4.928287551878653e-41,8.906530518418042e-40,5.849127397904821e-41,1.0676968424378235e-39,6.445805900205062e-37
1.0174634027476068,1.0273553176221987e-39,9.359962084615775e-40,1.1210354413722742e-39,5.931268886954503e-41,1.0866680064917437e-39,5.435723472465775e-41,9.903534431862353e-40,6.449755110241127e-41,1.1855329924746854e-39,6.502421290183816e-37
1.0352317759307386,1.1413542278004395e-39,1.0406335023388055e-39,1.2444132506918382e-39,6.539212753330967e-41,1.2067463553337491e-39,5.994372279231486e-41,1.1005772251311204e-39,7.110476596357441e-41,1.3155180166554127e-39,6.559544046919901e-37
1.0533104453709372,1.2669445896589998e-39,1.1562541941721864e-39,1.3803152943869802e-39,7.191152866091211e-41,1.338856118319912e-39,6.593828042302511e-41,1.2221924745952115e-39,7.813497931498235e-41,1.4584502737019626e-39,6.617178980199646e-37
1.071704829896711,1.4052738389992982e-39,1.2839145746173104e-39,1.5299196853068356e-39,7.90808947409614e-41,1.4843547337402595e-39,7.253231235252738e-41,1.3564468869698378e-39,8.586027827839463e-41,1.61577996358523e-39,6.675330952116929e-37
1.0904204429677524,1.5577295551519353e-39,1.4247771473311763e-39,1.6946747995420267e-39,8.696502535107828e-41,1.6446945805030136e-39,7.978576786433029e-41,1.5045629151955067e-39,9.43493868005659e-41,1.7890241863425925e-39,6.734004877803967e-37
1.109462894327522,1.725887584802365e-39,1.580106902669643e-39,1.8762135284391657e-39,9.563518039454117e-41,1.821522765196906e-39,8.7764591355662e-41,1.667871494025305e-39,1.0367782364715204e-40,1.9798913520863177e-39,6.793205726175722e-37
1.128837891684689,1.911524685986854e-39,1.7512505622949165e-39,2.0763733666404357e-39,1.0503837183905145e-40,2.0165630578259053e-39,9.640966446006962e-41,1.847660226754986e-39,1.1384958444106047e-40,2.190222951081496e-39,6.852938520688216e-37
1.148551242423938,2.116339119833161e-39,1.939526626548833e-39,2.2969754585247044e-39,1.1518339667657612e-40,2.231522516509737e-39,1.0572315067045191e-40,2.0452497772192848e-39,1.249093606359618e-40,2.421884819160666e-39,6.913208340111104e-37
1.1686088553466514,2.3419300326200802e-39,2.1466738221386015e-39,2.539680393435462e-39,1.263082684705205e-40,2.4682383010906005e-39,1.1593634984920293e-40,2.2626101719878043e-39,1.370435250254408e-40,2.6767239184609027e-39,6.974020319314814e-37
1.1890167424419895,2.589951292467127e-39,2.3747099698879278e-39,2.806173572039725e-39,1.3850762474749742e-40,2.7284589172146242e-39,1.27136177186532e-40,2.50184614707446e-39,1.503564477135874e-40,2.956530019753312e-39,7.035379650072569e-37
1.2097810206889017,2.8620975433812e-39,2.6259122098304018e-39,3.098160641304503e-39,1.5183343078601743e-40,3.013930974167217e-39,1.3936517173305817e-40,2.76527738156346e-39,1.6489046345596255e-40,3.263051104760465e-39,7.097291581877672e-37
1.2309079138896024,3.160371584085675e-39,2.9025842770256947e-39,3.4176248055959757e-39,1.6614407564955683e-40,3.326515659735232e-39,1.5246775066818304e-40,3.055052027693878e-39,1.804153000939908e-40,3.5980401056899664e-39,7.1597614227763735e-37
1.252403754535073,3.4872824130531545e-39,3.2068997150782855e-39,3.767206055671233e-39,1.8180353121539423e-40,3.6690859442685486e-39,1.6680218382209376e-40,3.373701898900379e-39,1.974018377157259e-40,3.964607893386959e-39,7.222794540216687e-37
1.2742749857031337,3.84560534898469e-39,3.5411490062154905e-39,4.14990983955261e-39,1.989389259482451e-40,4.044544274932935e-39,1.8248428540387495e-40,3.723633291619366e-39,2.159876990102519e-40,4.365897538562862e-39,7.28639636191353e-37
1.2965281629896683,4.2384282134504145e-39,3.907743752278283e-39,4.5691032312529754e-39,2.175819912906932e-40,4.456010204741108e-39,1.9955552666532195e-40,4.107299278943605e-39,2.3621742811387176e-40,4.805320659366847e-39,7.35057237673055e-37
1.3191699564735715,4.6691604431876657e-39,4.3100405995863335e-39,5.0279408993601175e-39,2.3741995056705138e-40,4.906580393754717e-39,2.177854497431899e-40,4.5278260493295236e-39,2.577965722140613e-40,5.285737471574179e-39,7.415328135579051e-37
1.3422071527160124,5.140643399295796e-39,4.7509123312709634e-39,5.5295965469197306e-39,2.5906662859773268e-40,5.3997100278935286e-39,2.3768072431985314e-40,4.988593055590817e-39,2.8134703343430806e-40,5.8109435803540385e-39,7.480669252334376e-37
1.3656466567946106,5.6554586136579656e-39,5.2326384180619936e-39,6.077630594655911e-39,2.826869346602825e-40,5.938145548318248e-39,2.5939348464199046e-40,5.492031902703984e-39,3.070488972854032e-40,6.384679491941314e-39,7.546601404770188e-37
1.3894954943731377,6.21637613836488e-39,5.757673857887829e-39,6.676086773357774e-39,3.0810079467404136e-40,6.524476933038922e-39,2.8272455867367856e-40,6.040398416561507e-39,3.3466791884564083e-40,7.010754692203415e-39,7.61313033551105e-37
1.4137608138073603,6.828650761955175e-39,6.33134663000416e-39,7.330958425862567e-39,3.3531528881433676e-40,7.163966050769511e-39,3.076631158684476e-40,6.639009745872608e-39,3.6419206924543114e-40,7.695150495107998e-39,7.680261853003729e-37
1.4384498882876628,7.497183364717957e-39,6.958287876291469e-39,8.04728697610585e-39,3.649336348891716e-40,7.862116999607129e-39,3.3480145237449212e-40,7.293089328665961e-39,3.963208178386665e-40,8.443607793944516e-39,7.748001832507671e-37
1.46357011801908,8.226922781944482e-39,7.643004376440405e-39,8.830025446738481e-39,3.971681647572142e-40,8.624090946701697e-39,3.6433360624221358e-40,8.007337982682618e-39,4.3128394030584734e-40,9.261309387044329e-39,7.816356217105078e-37
1.4891290324394095,9.023254582218055e-39,8.390336574353384e-39,9.684382622273753e-39,4.322499655163785e-40,9.455504547734433e-39,3.964707312230567e-40,8.78680730557644e-39,4.693314829640355e-40,1.0153714105237789e-38,7.88533101873108e-37
1.515134292476053,9.892041873575804e-39,9.205478315659275e-39,1.06158122186947e-38,4.704305361511723e-40,1.0362472409726976e-38,4.3144260651059474e-40,9.636920922169869e-39,5.107355510270334e-40,1.1126547769721734e-38,7.954932319224429e-37
1.5415936928422724,1.0839670258318462e-38,1.0093997245559513e-38,1.1629997038287233e-38,5.119835905113343e-40,1.1351653848829797e-38,4.694992796528299e-40,1.0563496525212342e-38,5.55792254624598e-40,1.218578929291183e-38,8.025166271399239e-37
1.568515164373547,1.1873491182415824e-38,1.1062051512484755e-38,1.273352105706738e-38,5.559783764192741e-40,1.24294695588351e-38,5.098755205436457e-40,1.1571927033028401e-38,6.036397241374584e-40,1.333716078120484e-38,8.096039100138247e-37
1.5959067764047312,1.3001804733689283e-38,1.211656949328373e-38,1.3935240086594063e-38,6.0301758229176815e-40,1.3604822315981051e-38,5.531024889872632e-40,1.2669671982270993e-38,6.548967115005304e-40,1.4590136798094592e-38,8.167557103508102e-37
1.6237767391887217,1.4231159835782646e-38,1.3264027815562542e-38,1.5242391721247522e-38,6.5403659562252976e-40,1.4885196431405175e-38,5.999942162308972e-40,1.3864022031793438e-38,7.105060942552162e-40,1.5952897815502737e-38,8.239726653897206e-37
1.65213340635737,1.5567941365601174e-38,1.451110123884562e-38,1.6662219106461884e-38,7.093721327126135e-40,1.6277313498313787e-38,6.50861398526132e-40,1.516196263737175e-38,7.708374482704998e-40,1.7433056554732383e-38,8.312554199176674e-37
1.6809852774253642,1.7018414366924206e-38,1.5864704160438422e-38,1.8202119615228131e-38,7.6938939814257e-40,1.7787803765066777e-38,7.060410727832124e-40,1.6570745233221633e-38,8.362917312891205e-40,1.9038411346517252e-38,8.386046263884874e-37
1.7103410003378408,1.858860495350717e-38,1.733196078857277e-38,1.9869586454898727e-38,8.344844950570045e-40,1.9423089448564176e-38,7.658988497177917e-40,1.809785963829056e-38,9.073039476633473e-40,2.0776890402562073e-38,8.46020945043622e-37
1.7402093740624849,2.0286127244358394e-38,1.8921680843897487e-38,2.1673769405426334e-38,9.02710444570521e-40,2.1188837688928915e-38,8.284930242497054e-40,1.9750173868147192e-38,9.814571179292505e-40,2.2655226523355585e-38,8.535050440354716e-37
1.7705993512268987,2.212806330226378e-38,2.0649843204350662e-38,2.363173711015145e-38,9.744854511253585e-40,2.310254875338914e-38,8.942069030375777e-40,2.154405010738824e-38,1.059205150562825e-39,2.4690942260714273e-38,8.610575995532857e-37
1.801520040802025,2.412701878028715e-38,2.2528373631947358e-38,2.575667688985904e-38,1.0519673281356301e-39,2.517898610842278e-38,9.651330331527858e-40,2.3493506665100145e-38,1.1431121446710947e-39,2.6899789034530137e-38,8.686792959516522e-37
1.832980710832436,2.6295384519342275e-38,2.456906510682932e-38,2.806176089590565e-38,1.1356098320266011e-39,2.7430994351368874e-38,1.0416848366060618e-39,2.5610749943435383e-38,1.2336659943545512e-39,2.92954268902602e-38,8.763708258816442e-37
1.864990791214297,2.864643651844651e-38,2.6784454369184484e-38,3.056108989468648e-38,1.2259027976477176e-39,2.9872339316094225e-38,1.1243085269501923e-39,2.7908762896134675e-38,1.3313932431928677e-39,3.1892483137879346e-38,8.841328904246904e-37
1.8975598765218504,3.119439091923155e-38,2.918784494576489e-38,3.326974768542802e-38,1.3233750068882131e-39,3.2517765926119765e-38,1.2134857102186558e-39,3.0401330655983546e-38,1.4368621459384912e-39,3.470660983136651e-38,8.919661992292342e-37
1.93069772888325,3.395446170172099e-38,3.179332753229122e-38,3.6203857624901164e-38,1.4285972853776354e-39,3.5383058987098627e-38,1.309736192163679e-39,3.31030637244549e-38,1.5506859727482396e-39,3.7754543597649403e-38,8.998714706502472e-37
1.964414280906628,3.69429211662155e-38,3.461579715447444e-38,3.9380641230602893e-38,1.5421858454069413e-39,3.8485107011622446e-38,1.4136210081569799e-39,3.6029418162631416e-38,1.673526575166029e-39,4.1054167805768923e-38,9.07849431891666e-37
1.9987196386572503,4.017716327295882e-38,3.767096647822505e-38,4.2818478819345615e-38,1.6648058946471196e-39,4.184196916760594e-38,1.525745693414462e-39,3.9196712171639513e-38,1.8060982345918482e-39,4.462457705393746e-38,9.159008191518252e-37
2.0336240846866733,4.367576990748024e-38,4.09753745874256e-38,4.65369721221373e-38,1.7971755317987968e-39,4.5472945439279033e-38,1.646763812606151e-39,4.2622138400031753e-38,1.9491718156146832e-39,4.848614393775198e-38,9.24026377771957e-37
2.0691380811147897,4.745858013507333e-38,4.4546390496191743e-38,5.055700879869318e-38,1.9400699519873145e-39,4.939865008706065e-38,1.7773807694258323e-39,4.6323771265617576e-38,2.1035792483597767e-39,5.266058804705295e-38,9.32226862387826e-37
2.105272272765707,5.154676250274841e-38,4.840221061277319e-38,5.490082875582249e-38,2.0943259865311288e-39,5.364108848927954e-38,1.9183579183254483e-39,5.032056853109863e-38,2.27021836591374e-39,5.717104712173623e-38,9.405030370845908e-37
2.1420374903583843,5.596289044112938e-38,5.256184932517892e-38,5.959209215325119e-38,2.260847003669379e-39,5.822373744479876e-38,2.070517002381382e-39,5.46323663275603e-38,2.4500581249556886e-39,6.204215027820688e-38,9.488556755549494e-37
2.179444753752985,6.073177103471368e-38,5.704597554888817e-38,6.465667443774334e-38,2.4310277614706925e-39,6.316279879618438e-38,2.2270189588534656e-39,5.927299450774164e-38,2.6341206754664743e-39,6.729079511320981e-38,9.572855612606669e-37
2.217505275253932,6.58810937018888e-38,6.187913963426953e-38,7.012356441394115e-38,2.6089433492650984e-39,6.84900370511539e-38,2.3912548316979e-39,6.427039446596743e-38,2.8267013292791856e-39,7.295026574322033e-38,9.65793487597554e-37
2.2562304629706342,7.143733534898854e-38,6.708585415534163e-38,7.602104690870743e-38,2.7998797494425634e-39,7.42372150984311e-38,2.5676026005016135e-39,6.965345675584325e-38,3.033361561361927e-39,7.905440847006935e-38,9.7438025806399e-37
2.295631924236909,7.742805133071454e-38,7.269193784356228e-38,8.23787139607169e-38,3.0047898945551665e-39,8.04328412252697e-38,2.7569554807429306e-39,7.544889332430522e-38,3.255130730169646e-39,8.563384469088655e-38,9.8304668643307e-37
2.3357214690901222,8.388206087293522e-38,7.872475526656878e-38,8.922766429820172e-38,3.224696457845525e-39,8.710675733078074e-38,2.960272559824365e-39,8.168502782639315e-38,3.493113450589585e-39,9.272077774879131e-38,9.917935969284678e-37
2.3765111138110746,9.08294279126535e-38,8.521329241358947e-38,9.660051752114802e-38,3.4606969572429086e-39,9.42901248698964e-38,3.178583654926351e-39,8.839187606851583e-38,3.7484950959416494e-39,1.0034901261708967e-37,1.0006218244041042e-36
2.418013084525721,9.830142959358216e-38,9.218823489474644e-38,1.0453141982040994e-37,3.7139692328970944e-39,1.0201539882647925e-37,3.41299452911336e-39,9.56012294238598e-38,4.0225477022301505e-39,1.085539675226401e-37,1.009532214527714e-36
2.460239820869776,1.063305109999835e-37,9.968204878306687e-38,1.13056040079469e-37,3.9857773255867974e-39,1.103162883255703e-37,3.664692492111751e-39,1.0334674127517862e-37,4.316636304055926e-39,1.173726763835249e-37,1.0185256239684064e-36
2.503203979717325,1.149502246641858e-37,1.07729064124949e-37,1.222115551416289e-37,4.277477785342299e-39,1.1922770244952811e-37,3.934952414127989e-39,1.1166401653907698e-37,4.632225733746562e-39,1.2684378087537545e-37,1.0276029205883188e-36
2.5469184389745405,1.241951533488257e-37,1.1636556114160956e-37,1.3203662296761142e-37,4.5905264417658235e-39,1.2878567979059153e-37,4.2251431831676656e-39,1.2059070432477722e-37,4.970887917571911e-39,1.3700751088518333e-37,1.036764983638461e-36
2.591396301439659,1.3410114848805648e-37,1.256301145870065e-37,1.4257169987279688e-37,4.9225885312864835e-39,1.3902373701934297e-37,4.532849610743162e-39,1.3016296419774966e-37,5.329918880116525e-39,1.4790161875291341e-37,1.0460127039588544e-36
2.636650898730358,1.4472880612056392e-37,1.3558072356341769e-37,1.5388376938560485e-37,5.252682756732975e-39,1.4998148887729689e-37,4.8370524983858714e-39,1.4041777606180356e-37,5.6856076845109844e-39,1.5956937707011583e-37,1.0553469841830724e-36
2.682695795279725,1.561396251567782e-37,1.4627413974882046e-37,1.660396532535547e-37,5.60491212448937e-39,1.6174453728126757e-37,5.161670666657094e-39,1.5143581041547754e-37,6.065033158902993e-39,1.7210468641245769e-37,1.064768738947292e-36
2.7295447924020064,1.683865266458728e-37,1.5776041101188975e-37,1.7909669106850488e-37,5.980760951721219e-39,1.7436728759759401e-37,5.508074200128907e-39,1.6326848521201866e-37,6.469779355125737e-39,1.8556647042363062e-37,1.0742788951039582e-36
2.7772119324293554,1.8152564200665597e-37,1.7009237044099845e-37,1.931155641699334e-37,6.381813089512449e-39,1.879074550961684e-37,5.877725130761757e-39,1.759700955717602e-37,6.901536035720792e-39,2.0001710020565418e-37,1.0838783919401908e-36
2.825711502920828,1.956164816386649e-37,1.8332573015410629e-37,2.08160437387852e-37,6.809758597315505e-39,2.024262402359804e-37,6.272183608561267e-39,1.8959791376266757e-37,7.362105728477005e-39,2.1552254311632902e-37,1.0935681814010349e-36
2.87505804094488,2.10722110645012e-37,1.9751917161796025e-37,2.2429910168650286e-37,7.266400864970362e-39,2.1798851150998236e-37,6.693114486353348e-39,2.042122861043136e-37,7.853411251747997e-39,2.3215251293825085e-37,1.1033492283176852e-36
2.925266337436645,2.2690933185768054e-37,2.127344315386448e-37,2.416031171245156e-37,7.753664212305074e-39,2.346629960699856e-37,7.142294346467465e-39,2.1987672588511225e-37,8.377503741968116e-39,2.4998062086648368e-37,1.1132225106408049e-36
2.976351441631318,2.442488763543223e-37,2.290363823033643e-37,2.601479554809704e-37,8.273601998343052e-39,2.5252247835266535e-37,7.621618998986301e-39,2.366580013023506e-37,8.93657121687978e-39,2.6908452669785018e-37,1.1231890196790568e-36
3.028328665574945,2.6281560165339538e-37,2.464931058691364e-37,2.8001314182723744e-37,8.828405274289792e-39,2.716440069276852e-37,8.133111483208528e-39,2.5462621735234493e-37,9.532947710221003e-39,2.8954608953745845e-37,1.133249760342994e-36
3.0812135887140037,2.8268869777179105e-37,2.651759599085568e-37,3.012823942517948e-37,9.420412016763309e-39,2.9210910978855437e-37,8.678930606095e-39,2.738548905146518e-37,1.0169123016012764e-38,3.1145151726780756e-37,1.143405751394423e-36
3.1350220625651146,3.0395190132576296e-37,2.851596349364313e-37,3.2404376086954164e-37,1.0052116980177677e-38,3.1400401830594064e-37,9.261380053737703e-39,2.9442101499016904e-37,1.0847753083122854e-38,3.348915139526645e-37,1.1536580257013865e-36
3.189770215466321,3.2669371785203717e-37,3.0652220105464023e-37,3.483897531686879e-37,1.0726182209798263e-38,3.3741990006183542e-37,9.882918114304797e-39,3.16405119168945e-37,1.1571671103507045e-38,3.5996142427219495e-37,1.164007630498907e-36
3.245474457411331,3.5100765252145197e-37,3.293451428669732e-37,3.7441747466742255e-37,1.1445448259771361e-38,3.6245310078122332e-37,1.0546168053500344e-38,3.3989131092047355e-37,1.2343899340414534e-38,3.867613740078371e-37,1.1744556276556257e-36
3.302151484968176,3.769924494122282e-37,3.537133810316684e-37,4.022287437694898e-37,1.2212946163401698e-38,3.8920539557562995e-37,1.1253929186328875e-38,3.649673102179973e-37,1.3167661745943016e-38,4.153964055154328e-37,1.1850030939464894e-36
3.3598182862837818,4.047523395040743e-37,3.79715278838105e-37,4.319302096230082e-37,1.3031910206121353e-38,4.177842497101957e-37,1.2009188691893308e-38,3.9172446752999835e-37,1.404639742061856e-38,4.459766070436267e-37,1.1956511213316397e-36
3.418492146175929,4.343972975476974e-37,4.074426321166659e-37,4.6363345970074685e-37,1.3905791554976165e-38,4.483030891026736e-37,1.281513422109457e-38,4.2025776633776045e-37,1.4983774971189967e-38,4.7861723467193685e-37,1.2064008172416474e-36
3.4781906513141303,4.6603949052523104e-37,4.369865447544273e-37,4.974500054442339e-37,1.4791198103506172e-38,4.808306886287372e-37,1.3632635100517145e-38,4.506191798549445e-37,1.593636615835716e-38,5.133863716025911e-37,1.2172533048692643e-36
3.53893169549099,4.997785767149384e-37,4.684264973996863e-37,5.334754203423972e-37,1.568714652319371e-38,5.154657232381321e-37,1.446086784140899e-38,4.828873652410953e-37,1.6903419569343557e-38,5.503788399117407e-37,1.2282097234678443e-36
3.600733484985619,5.357361854936475e-37,5.018715705770949e-37,5.718388670170406e-37,1.6637365297799034e-38,5.523735507914465e-37,1.5339418768625587e-38,5.172109893457205e-37,1.792915588773856e-38,5.897680229047791e-37,1.2392712286566057e-36
3.663614544020716,5.7404367628738224e-37,5.374417897008611e-37,6.126823430363189e-37,1.764514174984952e-38,5.916888180372318e-37,1.6271344897122068e-38,5.537131345979831e-37,1.9017136120186465e-38,6.3169947915650536e-37,1.2504389927329077e-36
3.72759372031494,6.148393947879308e-37,5.7526494632734655e-37,6.56156829000677e-37,1.8713962325120756e-38,6.3355335711305155e-37,1.7259888966758952e-38,5.925248352941055e-37,2.0171137362971343e-38,6.763279663636484e-37,1.2617142049917106e-36
3.79269019073225,6.5826901281161074e-37,6.154772073441555e-37,7.024229497907785e-37,1.9847524654145662e-38,6.781165374657564e-37,1.8308490725775112e-38,6.337856980699306e-37,2.1395165914806993e-38,7.238181157055855e-37,1.2730980720524069e-36
3.858923467029904,7.044858843005555e-37,6.582237782733715e-37,7.516516914166066e-37,2.104975034432664e-38,7.255356346448821e-37,1.942079889977081e-38,6.776445771731423e-37,2.269347118533932e-38,7.743451626019458e-37,1.2845918181931984e-36
3.9263134017068375,7.536514183027025e-37,7.036596257216918e-37,8.040251784311528e-37,2.2324798546901972e-38,7.759762168496046e-37,2.0600683887850355e-38,7.242603096095422e-37,2.4070560447648683e-38,8.280957388788014e-37,1.296196685693226e-36
3.9948801939541694,8.059354698161016e-37,7.519502645184303e-37,8.597375173452716e-37,2.367708034571029e-38,8.296125501618119e-37,2.1852251230104935e-38,7.738025157485353e-37,2.553121448596256e-38,8.852687318312341e-37,1.307913935182622e-36
4.06464439570963,8.61516749435775e-37,8.03272615647188e-37,9.189957120027188e-37,2.511127401752147e-38,8.866280234532964e-37,2.3179855893291848e-38,8.264524715404799e-37,2.708050419290919e-38,9.46076216195628e-37,1.3197448460007096e-36
4.135626917817709,9.205832527971678e-37,8.578159417055435e-37,9.820206574519416e-37,2.663234121673635e-38,9.472155940139042e-37,2.458811742442098e-38,8.824040591299645e-37,2.8723808173926905e-38,1.0107444656258686e-36,1.3316907165625375e-36
4.207849036297403,9.833327108696867e-37,9.157828673267203e-37,1.0490482194899236e-36,2.824554414044393e-38,1.0115782550101306e-36,2.6081936024980905e-38,9.418648033517013e-37,3.0466831419947163e-38,1.0795150509098708e-36,1.3437528647339652e-36
4.281332398719393,1.0499730622167976e-36,9.77390492776272e-37,1.1203304077599676e-36,2.99564637332144e-38,1.0799295259500119e-36,2.766650960173001e-38,1.0050570023780022e-36,3.231562511317922e-38,1.1526460328731468e-36,1.3559326282155172e-36
4.356099030694608,1.1207111080682158e-36,1.0428488069686853e-36,1.1961134757121654e-36,3.1684165005473576e-38,1.1523952730736894e-36,2.9267287293152327e-38,1.0721160942618376e-36,3.417636539947638e-38,1.2302898411116419e-36,1.3682313649352194e-36
4.432171342476087,1.195726142813126e-36,1.1122997621293532e-36,1.276577427095653e-36,3.34582049501938e-38,1.2291843477633198e-36,3.091153925388642e-38,1.1432113013832395e-36,3.608274123945521e-38,1.3126601683351082e-36,1.3806504534506542e-36
4.509572135676147,1.2752384923982537e-36,1.1859439132738692e-36,1.3619654754595578e-36,3.533157582962286e-38,1.3105700682278766e-36,3.264816617521328e-38,1.2185920794490824e-36,3.8095455737766953e-38,1.4000609311973247e-36,1.3931912933604596e-36
4.588324610100845,1.3594817157532813e-36,1.263996148227944e-36,1.4525378642630902e-36,3.730983931931412e-38,1.3967915550725954e-36,3.448235773216454e-38,1.2984785059601085e-36,4.022044052133245e-38,1.4927583047844227e-36,1.4058553057255128e-36
4.668452370703792,1.4486992202298788e-36,1.3466791246719492e-36,1.5485652749000088e-36,3.9398868500677173e-38,1.488098088730556e-36,3.6419595158508167e-38,1.3830987198304574e-36,4.246395808637896e-38,1.5910292329863876e-36,1.4186439335000462e-36
4.749979434661412,1.543144544999325e-36,1.4342232763701158e-36,1.6503289811797268e-36,4.1604865297023423e-38,1.5847494102963483e-36,3.8465667626677417e-38,1.4726889439967932e-36,4.483262025450441e-38,1.6951616014342313e-36,1.4315586419729422e-36
4.832930238571752,1.6430816454952063e-36,1.526866791182262e-36,1.7581209826114678e-36,4.3934378885873653e-38,1.68701602438108e-36,4.062668954792971e-38,1.5674934807301918e-36,4.733340765822997e-38,1.8054543902696977e-36,1.4446009192194686e-36
4.917329645779018,1.748785178482839e-36,1.6248555583682458e-36,1.872244114127021e-36,4.6394325142199113e-38,1.7951795036250383e-36,4.290911884444152e-38,1.6677646772126873e-36,4.997369031347394e-38,1.922217804440495e-36,1.457772276563717e-36
5.003202953826004,1.8605407873168667e-36,1.728443082622529e-36,1.993012129774449e-36,4.899200717031569e-38,1.9095327944871825e-36,4.531977624793283e-38,1.773762858870462e-36,5.27612493395619e-38,2.0457733791140107e-36,1.471074249052017e-36
5.090575902036683,1.978645386928519e-36,1.837890362211981e-36,2.1207497578156077e-36,5.173513698538719e-38,2.0303805239139064e-36,4.786586568250536e-38,1.8857562278944865e-36,5.570429989079493e-38,2.1764540577064027e-36,1.4845083959376008e-36
5.17947467923121,2.103406678954417e-36,1.953465951892101e-36,2.255793660853078e-36,5.461330213530952e-38,2.1580199810897265e-36,5.053808154277913e-38,2.0040040334348803e-36,5.879326205525348e-38,2.3145869229083314e-36,1.4980763011768094e-36
5.269925931575656,2.2350571066388983e-36,2.0754721657576767e-36,2.3985932423876877e-36,5.74779029557185e-38,2.2925350095946168e-36,5.320113122987779e-38,2.1286732969875545e-36,6.188267162891733e-38,2.460475914016605e-36,1.5117795739371323e-36
5.36195677056882,2.3738741049386977e-36,2.2042136414062417e-36,2.5495528201412705e-36,6.049275907180637e-38,2.434366864010504e-36,5.600450744737614e-38,2.260218148853618e-36,6.513442040915453e-38,2.614687240550425e-36,1.525619849117373e-36
5.455594781168519,2.520213860057468e-36,2.339984869524852e-36,2.7089985329121005e-36,6.366575174008745e-38,2.5838796117975553e-36,5.895560455041128e-38,2.3989404740752632e-36,6.855703883434147e-38,2.777555571746442e-36,1.539598787880263e-36
5.550868030059805,2.6744515328693317e-36,2.483086733921413e-36,2.8772529732713576e-36,6.700517560819109e-38,2.741456708477523e-36,6.206220653168829e-38,2.5451489404531013e-36,7.215950559180562e-38,2.949412478863163e-36,1.5537180781978284e-36
5.647805074067555,2.8369825320113333e-36,2.6338260761432408e-36,3.054632869559504e-36,7.051976039823691e-38,2.90750229240957e-36,6.53325075530075e-38,2.699158583696248e-36,7.59512711719624e-38,3.1305841407314666e-36,1.5679794354098414e-36
5.746434968715974,3.008223885090825e-36,2.7925151981960013e-36,3.2414465385435495e-36,7.421869372754556e-38,3.0824425788183704e-36,6.877513355868865e-38,2.8612903317546898e-36,7.994228266015102e-38,3.3213888212037003e-36,1.582384602795686e-36
5.846787276937591,3.188615715714562e-36,2.9594713002355712e-36,3.437991104365582e-36,7.811164512636277e-38,3.266727360840925e-36,7.239916502788206e-38,3.031870465263453e-36,8.414300983121339e-38,3.522134114196795e-36,1.5969353521599802e-36
5.948892077934334,3.378622834703409e-36,3.135015850195377e-36,3.6445494815739633e-36,8.220879131536432e-38,3.460831626018773e-36,7.621416092578733e-38,3.211230011121164e-36,8.856447261525192e-38,3.7331139541892156e-36,1.611633484432308e-36
6.052779976193349,3.578735056800538e-36,3.3194688365127544e-36,3.861384749819588e-36,8.64788050215273e-38,3.665213861822065e-36,8.018306260183657e-38,3.399651899114591e-36,9.315241199881761e-38,3.954537161818406e-36,1.6264808302814192e-36
6.158482110660264,3.789391034396352e-36,3.5130113367347355e-36,4.088727320409717e-36,9.079089146847951e-38,3.8801819258648316e-36,8.415722437734732e-38,3.5971685611120825e-36,9.769666584807663e-38,4.1864239862577937e-36,1.641479250744263e-36
6.266030164072655,4.0109795451678855e-36,3.715990897272468e-36,4.32703218651051e-36,9.531799117239521e-38,4.1062975363402806e-36,8.832835994389868e-38,3.804319257216367e-36,1.0246260201992125e-37,4.429494788530431e-36,1.6566306378702428e-36
6.375456372456506,4.243898267928995e-36,3.928880009599493e-36,4.576862813094571e-36,1.0007082532387338e-37,4.343969093252868e-36,9.270623203299194e-38,4.021586241632485e-36,1.074610348424662e-37,4.684323847937037e-36,1.6719369153810713e-36
6.486793534788511,4.48854228632214e-36,4.152186213486495e-36,4.8388297461048014e-36,1.0506064970346533e-37,4.593602936025605e-36,9.730108725231398e-38,4.249487300738809e-36,1.1270330619915701e-37,4.951533052303958e-36,1.6874000393466316e-36
6.600075022827095,4.7453020473317765e-36,4.386455326815701e-36,5.113595265262977e-36,1.102992813379049e-37,4.855601328669681e-36,1.021236800683799e-37,4.488579006884081e-36,1.1820131126451417e-37,5.231796576527491e-36,1.7030219988772493e-36
6.715334791115144,5.014561140170037e-36,4.6322749613146004e-36,5.4018784634841184e-36,1.1579912648548202e-37,5.1303602666555193e-36,1.0718529797785781e-37,4.739460259292458e-36,1.2396752549531543e-37,5.5258459889794336e-36,1.7188048168327987e-36
6.832607387157402,5.29669389236744e-36,4.8902783527407e-36,5.704460799620661e-36,1.215732100168473e-37,5.418267102384287e-36,1.1249778792646105e-37,5.0027761406671616e-36,1.300150329385167e-37,5.834475832559178e-36,1.7347505505490732e-36
6.951927961775605,5.5921471250409583e-36,5.1611672312171575e-36,6.022171587952699e-36,1.2748063015799363e-37,5.719627755198952e-36,1.1798019046038494e-37,5.279147421677543e-36,1.3628061058865582e-37,6.158452198541355e-36,1.7508612925818583e-36
7.073332279644442,5.9017958061202894e-36,5.4456092774360175e-36,6.355579120028908e-36,1.33502752666275e-37,6.035298558786564e-36,1.2362557883206721e-37,5.569234856268085e-36,1.4276231744179158e-37,6.498341437470699e-36,1.767139171469168e-36
7.196856730011519,6.22602305612019e-36,5.743870259794397e-36,6.705013969656689e-36,1.3980935729125202e-37,6.365832413411442e-36,1.2954110077229825e-37,5.873411360566695e-36,1.495523038333629e-37,6.854566273490052e-36,1.7835863525121008e-36
7.322538337604533,6.565070317914071e-36,6.056114393762034e-36,7.070754975637506e-36,1.4641388282873045e-37,6.711484200742801e-36,1.3573968225535166e-37,6.191854076017385e-36,1.5666523199292668e-37,7.227420207630433e-36,1.8002050385748038e-36
7.450414773728913,6.919127121838083e-36,6.382436879116668e-36,7.453022319799193e-36,1.5333040291664502e-37,7.072457524754727e-36,1.4223486776734482e-37,6.524671746884013e-36,1.6411646150731209e-37,7.617138781306505e-36,1.8169974709040247e-36
7.580524367559261,7.288323906683544e-36,6.722854362936787e-36,7.851969048398168e-36,1.6057365602469858e-37,7.448897562708243e-36,1.490408499022114e-37,6.871895212838998e-36,1.7192208248794543e-37,8.023891130886113e-36,1.83396592996876e-36
7.712906117627995,7.672724532479958e-36,7.077295033323607e-36,8.267672199657732e-36,1.6815907686067401e-37,7.840883609340632e-36,1.5617250037387352e-37,7.23346753369748e-36,1.8009895031568796e-37,8.44777114997342e-36,1.851112736320513e-36
7.847599703514611,8.072279693153042e-36,7.445658235956605e-36,8.700403681483979e-36,1.7584007371416202e-37,8.248119766867205e-36,1.6345499383899758e-37,7.609113229795602e-36,1.883284842258745e-37,8.888732165709853e-36,1.8684402514747e-36
7.984645497739087,8.487217596258875e-36,7.828383718872098e-36,9.151168188917166e-36,1.8374338853227024e-37,8.670960984791145e-36,1.7098383212362915e-37,7.999367550995728e-36,1.9676962453289742e-37,9.347937813450064e-36,1.885950878813725e-36
8.12408457786297,8.918382968613906e-36,8.2262646569308e-36,9.620372283730413e-36,1.9200192604674555e-37,9.110384894660651e-36,1.7885945336413935e-37,8.40512411029494e-36,2.0558910829643847e-37,9.825961392026851e-36,1.903647064512312e-36
8.26595873880181,9.366750263592169e-36,8.640188934847663e-36,1.0108340210786044e-35,2.00631652110767e-37,9.567381915702936e-36,1.8709783059831924e-37,8.827286765445982e-36,2.1480389338781414e-37,1.0323144104173858e-35,1.9215312984856364e-36
8.410310505352605,9.833411306110796e-36,9.071147191094488e-36,1.061536364746804e-35,2.0964925017937413e-37,1.004306055629017e-35,1.9571567259198526e-37,9.266862863686473e-36,2.2443169775332878e-37,1.0839795345221368e-35,1.939606115360869e-36
8.557183144940007,1.0319586752847505e-35,9.520242821836182e-36,1.1141697926551444e-35,2.190721535628243e-37,1.0538658906410328e-35,2.047304577270565e-37,9.724973279563238e-36,2.3449103348189046e-37,1.1376188960033335e-35,1.9578740954727092e-36
8.706620680585127,1.082652770104948e-35,9.988744831663244e-36,1.1687444063079544e-35,2.2875095000943637e-37,1.1055278651058917e-35,2.1388095606519704e-37,1.0202625787728441e-35,2.448119509612187e-37,1.1932256014040763e-35,1.976337865883548e-36
8.858667904100825,1.1354601865221019e-35,1.0477434546413479e-35,1.2252586356969096e-35,2.3873845159318027e-37,1.1593340316814199e-35,2.2324215624153464e-37,1.0700676702655013e-35,2.5545288137904126e-37,1.2508039238348139e-35,1.9950001014288796e-36
9.013370389517434,1.19037030537893e-35,1.0985911013576086e-35,1.2837940301110328e-35,2.4916201776105043e-37,1.215286507155035e-35,2.3301307998725237e-37,1.1218924093563339e-35,2.6655632761650124e-37,1.310449662872683e-35,2.0138635257886227e-36
9.17077450674293,1.2473599565939867e-35,1.1513498802819388e-35,1.344448860882626e-35,2.6004068754097768e-37,1.2733640253480845e-35,2.4321166019558435e-37,1.1756710463014973e-35,2.7814239326182914e-37,1.3722631002088091e-35,2.0329309125850096e-36
9.330927435461668,1.3063908698433887e-35,1.2059289634733357e-35,1.4073320636742065e-35,2.7139433122440373e-37,1.3335303029658292e-35,2.5385661465153996e-37,1.2313146249384895e-35,2.902320557204018e-37,1.4363552692462466e-35,2.0522050865077306e-36
9.493877179275827,1.3674090062085044e-35,1.262212375387995e-35,1.4725641028860508e-35,2.8320248687768027e-37,1.3957292548962725e-35,2.6492913489526974e-37,1.288705288877522e-35,3.027945603581843e-37,1.5028435589218693e-35,2.071688924467045e-36
9.659672580093831,1.4304743774238148e-35,1.320151992651432e-35,1.5402322741215906e-35,2.9509052509498886e-37,1.4599834299333139e-35,2.760807421610302e-37,1.3477600668675348e-35,3.153466313945863e-37,1.5717669372610492e-35,2.091385356775575e-36
9.828363332770026,1.4956666324971e-35,1.3798570602679994e-35,1.61032719389675e-35,3.0747758948334477e-37,1.5264143914454345e-35,2.8770175172434816e-37,1.4086272354404343e-35,3.2841903703382307e-37,1.6431690976001323e-35,2.1112973683595082e-36
10.0,1.56299229860107e-35,1.4414599372493394e-35,1.6828157391652898e-35,3.2038462774789296e-37,1.5950307613758595e-35,2.9981192203902316e-37,1.4714411294532416e-35,3.420333472700402e-37,1.717019073892294e-35,2.131428e-36
10.174634027476063,1.6324519977540514e-35,1.5051126778864633e-35,1.7576490639915292e-35,3.338334669191103e-37,1.6658353444459625e-35,3.1243184324736315e-37,1.5363558622111995e-35,3.5621202626174107e-37,1.7932702666177032e-35,2.151780349605519e-36
10.352317759307384,1.7040391195193834e-35,1.5709883912760778e-35,1.8347607798772416e-35,3.4782427144090614e-37,1.738821546663474e-35,3.2556732666505908e-37,1.6035451239425838e-35,3.7096673671912896e-37,1.8718574535491544e-35,2.172357573515971e-36
10.53310445370937,1.7775556708279078e-35,1.6391550016165537e-35,1.913994919957089e-35,3.620587441234342e-37,1.8137615452402513e-35,3.390175470875421e-37,1.6730567563253078e-35,3.8615457407845855e-37,1.9526103773649348e-35,2.1931628878393865e-36
10.717048298967107,1.8530643978058741e-35,1.7095534359366767e-35,1.9954512577443716e-35,3.768757529576525e-37,1.8907519731016394e-35,3.5302343884002194e-37,1.744855779820679e-35,4.019642202977779e-37,2.0356476797741492e-35,2.2141995698220444e-36
10.904204429677527,1.9309056900869e-35,1.7821460961159288e-35,2.0794221900421675e-35,3.922991378409422e-37,1.9701356038709942e-35,3.6760795847023108e-37,1.818906891962952e-35,4.184211330014489e-37,2.1212643033423124e-35,2.235470959252878e-36
11.094628943275218,2.011474170924215e-35,1.8568817601601507e-35,2.1662452741191439e-35,4.083537143023348e-37,2.0523095423544485e-35,3.827950109337921e-37,1.89516126125353e-35,4.355518120804843e-37,2.2098004553271923e-35,2.2569804599030532e-36
11.28837891684689,2.095320401763888e-35,1.93371735512102e-35,2.256332857080685e-35,4.2480408166447285e-37,2.1378008099303352e-35,3.983740829966261e-37,1.9735547634206827e-35,4.529984454092374e-37,2.3016327016216086e-35,2.278731541001644e-36
11.48551242423938,2.1831456818537275e-35,2.0127571422494404e-35,2.3499865815407449e-35,4.415727057402194e-37,2.2273029524277496e-35,4.142766758737341e-37,2.0541848098368137e-35,4.70636020794004e-37,2.397050183620145e-35,2.3007277387483032e-36
11.68608855346651,2.2740129852674344e-35,2.093969897879053e-35,2.446741371303489e-35,4.590032508415247e-37,2.3199133103515868e-35,4.308140802785288e-37,2.1370513059069058e-35,4.889603183267372e-37,2.495637403136163e-35,2.322972657863932e-36
11.890167424419891,2.3665310645520825e-35,2.177273562847736e-35,2.545934886798803e-35,4.771218454952041e-37,2.414243249101603e-35,4.480116370896131e-37,2.2220747265566974e-35,5.0799807565691175e-37,2.596734694364494e-35,2.3454699731802964e-36
12.097810206889012,2.4590756814197056e-35,2.2625651681916205e-35,2.646801868476966e-35,4.958734680868218e-37,2.508663028228388e-35,4.658107809427543e-37,2.309146246285896e-35,5.27740175153925e-37,2.6995758859923584e-35,2.36822343126962e-36
12.309079138896024,2.5506417591139287e-35,2.3496200911871518e-35,2.7493506152866883e-35,5.149148349604039e-37,2.602133242609969e-35,4.838547903546129e-37,2.3980055702226131e-35,5.480487418600392e-37,2.804155489472692e-35,2.3912368521151675e-36
12.524037545350732,2.6424484218313653e-35,2.4386059497659915e-35,2.8538513361608077e-35,5.3468738362884496e-37,2.69591716019425e-35,5.025977665765407e-37,2.4888657264236455e-35,5.6913882549640504e-37,2.9107652187104484e-35,2.4145141308239165e-36
12.742749857031336,2.7363199521610385e-35,2.5299070329236646e-35,2.960301433932921e-35,5.552191912160376e-37,2.7918418712826425e-35,5.2206678533160614e-37,2.5821137114568254e-35,5.910405005001456e-37,3.019405483982935e-35,2.4380592393823652e-36
12.965281629896682,2.8343282699379834e-35,2.6239717074965204e-35,3.06870308321599e-35,5.764475579584686e-37,2.8919730257338303e-35,5.421837380693496e-37,2.6781900813034556e-35,6.136498624948001e-37,3.13006806946547e-35,2.46187622845663e-36
13.191699564735716,2.9369359231155107e-35,2.7212946968602485e-35,3.179060312762306e-35,5.980387452737676e-37,2.9967397976428874e-35,5.625566834852857e-37,2.777550365208777e-35,6.364639011750525e-37,3.242706702879811e-35,2.4859692292379588e-36
13.42207152716012,3.0430674245887e-35,2.8213389469485267e-35,3.2912434902616774e-35,6.204386433958838e-37,3.105111288928288e-35,5.836951570345418e-37,2.879708462651981e-35,6.601261114148888e-37,3.3572561014031663e-35,2.510342455334853e-36
13.656466567946104,3.15175943244334e-35,2.9231313798912936e-35,3.405065585563985e-35,6.4367754307074684e-37,3.216127186750415e-35,6.056279239894405e-37,2.9836941722902376e-35,6.84668026210464e-37,3.473532388185031e-35,2.5350002047129964e-36
13.894954943731374,3.2622408032626046e-35,3.025823477175913e-35,3.520421693114144e-35,6.674119285798966e-37,3.3289819961205943e-35,6.28089469169001e-37,3.088632424092813e-35,7.097696273566467e-37,3.5913986558498086e-35,2.5599468616842392e-36
14.137608138073606,3.3761072145306617e-35,3.1305770127021627e-35,3.637933726727229e-35,6.9154151464047484e-37,3.445261365994709e-35,6.510058614250623e-37,3.195677598844669e-35,7.353400542201114e-37,3.71146773214924e-35,2.585186898945905e-36
14.38449888287663,3.493344638817336e-35,3.237580892716204e-35,3.757750061082535e-35,7.165434808586772e-37,3.5649989869032036e-35,6.747583782458748e-37,3.3050567305407914e-35,7.61831690874454e-37,3.83393323016998e-35,2.6107248796717323e-36
14.635701180190798,3.6133790357473033e-35,3.3466448516818636e-35,3.8798746885274806e-35,7.424493672342995e-37,3.687623972470733e-35,6.993775263656672e-37,3.4165826043184304e-35,7.89277725169165e-37,3.958802461044397e-35,2.6365654596557868e-36
14.891290324394095,3.7355485569597335e-35,3.4575519844031405e-35,4.0043118936947385e-35,7.692918540631173e-37,3.812477742366045e-35,7.248949255834481e-37,3.530041476961485e-35,8.17712540591689e-37,4.0860831477539074e-35,2.662713389510728e-36
15.15134292476053,3.8590990416679474e-35,3.5700576736505765e-35,4.131066375327875e-35,7.971048031630927e-37,3.9388095219842567e-35,7.513433493742136e-37,3.645192008587998e-35,8.471717593418891e-37,4.2157835512620637e-35,2.6891735169218257e-36
15.41593692842272,3.983180903845145e-35,3.68388867897185e-35,4.260143371560133e-35,8.259233005911343e-37,4.0657732339042583e-35,7.787567669817766e-37,3.761764355670028e-35,8.77692286958323e-37,4.3479126002559654e-35,2.7159507889581967e-36
15.68515164373547,4.1072400424099217e-35,3.798946021033505e-35,4.3917848410412503e-35,8.549999274761507e-37,4.1927400351575366e-35,8.06214979288928e-37,3.8795675189623976e-35,9.084762958030969e-37,4.48263247062156e-35,2.7430502544427385e-36
15.95906776404731,4.2320715047403356e-35,3.9156457352645986e-35,4.5265469620393526e-35,8.846521381641364e-37,4.3205367185567494e-35,8.340952501094045e-37,3.999055260275539e-35,9.398621279873932e-37,4.620533174838092e-35,2.7704770663822724e-36
16.237767391887218,4.3577109340327515e-35,4.0337579243382507e-35,4.6638511027434434e-35,9.153327157214537e-37,4.449244205604897e-35,8.629396676165486e-37,4.1200518910999053e-35,9.72332270754642e-37,4.761084329818908e-35,2.798236484459496e-36
16.5213340635737,4.484098749209689e-35,4.1529606359789014e-35,4.80294848948616e-35,9.470773248892117e-37,4.57880648169861e-35,8.927815736254307e-37,4.2422387933414447e-35,1.0059241846199382e-36,4.903540907948154e-35,2.8263338775883103e-36
16.80985277425364,4.6111798916373806e-35,4.2728998747049164e-35,4.943001265937851e-35,9.799228672956768e-37,4.709172178366948e-35,9.236554629671566e-37,4.365265421001632e-35,1.0406766242757212e-36,5.047068928365424e-35,2.8547747265342106e-36
17.103410003378404,4.7389041916764764e-35,4.3931892381806403e-35,5.083080523535537e-35,1.0139075243526814e-36,4.840294944111745e-35,9.555970233621888e-37,4.488748940516859e-35,1.0766296833027199e-36,5.19074349186581e-35,2.883564626601399e-36
17.40209374062485,4.867531044867253e-35,4.513816612043733e-35,5.222833596715745e-35,1.047876210977204e-36,4.972318665964973e-35,9.876775875024474e-37,4.6125843707939773e-35,1.1123352039255669e-36,5.334067117108301e-35,2.9127092903883784e-36
17.70599351226898,4.998433098480215e-35,4.636414560358472e-35,5.36474613804099e-35,1.0820072755207432e-36,5.106633826032289e-35,1.0200463363125515e-36,4.738419193989727e-35,1.1480088422333251e-36,5.479547022264323e-35,2.9422145506137997e-36
18.01520040802025,5.131644423887566e-35,4.761086504089768e-35,5.509025137901573e-35,1.1172500453923461e-36,5.2433694284268e-35,1.0534758927311191e-36,4.86643409336288e-35,1.1848265677421742e-36,5.62750779467579e-35,2.9720863630143988e-36
18.32980710832436,5.266985963325134e-35,4.887675223774957e-35,5.655469545007484e-35,1.153640730676629e-36,5.382350036392797e-35,1.0880010221668537e-36,4.996475325991642e-35,1.2228250724068773e-36,5.777752052248172e-35,3.0023308093168865e-36
18.64990791214297,5.404258468348362e-35,5.016006157879964e-35,5.80385644273782e-35,1.1912167208807201e-36,5.523380140436434e-35,1.1236576293808635e-36,5.128371920818051e-35,1.262042224927785e-36,5.930060665230599e-35,3.032954100285728e-36
18.975598765218503,5.543241785191801e-35,5.145886827980693e-35,5.953940348033084e-35,1.2300166233499522e-36,5.666243447526796e-35,1.1604827958260787e-36,5.261935107563301e-35,1.3025171084901581e-36,6.084192058882099e-35,3.0639625788488005e-36
19.306977288832496,5.683694224852474e-35,5.277106333804134e-35,6.105452608066728e-35,1.270080302934808e-36,5.810702255145955e-35,1.1985148182105385e-36,5.396957815625188e-35,1.344290059713842e-36,6.239881614038112e-35,3.095362723302914e-36
19.64414280906628,5.825352032142285e-35,5.409434929257353e-35,6.258100909941129e-35,1.3114489229500673e-36,5.956496924437292e-35,1.2377932483245036e-36,5.533214254089804e-35,1.3874027088520963e-36,6.396841180826339e-35,3.12716115060134e-36
19.987196386572503,5.967928968499802e-35,5.542623690952767e-35,6.411568919135101e-35,1.3541649874678835e-36,6.103345467246591e-35,1.278358934172629e-36,5.670459584370031e-35,1.4318980212796362e-36,6.554758721263065e-35,3.1593646197254224e-36
20.336240846866723,6.111116023766617e-35,5.676404291022807e-35,6.565516062760481e-35,1.3982723849884029e-36,6.250943262265458e-35,1.3202540624543187e-36,5.808429697268239e-35,1.4778203403112376e-36,6.713298096791604e-35,3.1919800351425084e-36
20.69138081114789,6.254581272396508e-35,5.810488886184147e-35,6.719577473845225e-35,1.4438164335330128e-36,6.398962915749809e-35,1.3635222024362817e-36,5.946841106427776e-35,1.5252154313935466e-36,6.87209901698458e-35,3.225014450352423e-36
21.05272272765707,6.397969889650438e-35,5.944570135051848e-35,6.873364112820697e-35,1.490843927206152e-36,6.547054282371053e-35,1.4082083512627077e-36,6.085390970178119e-35,1.5741305277142904e-36,7.030777165592126e-35,3.2584750715248064e-36
21.42037490358384,6.540904343219581e-35,6.07832135559256e-35,7.026463082131685e-35,1.5394031842737062e-36,6.694844661646951e-35,1.454358980750569e-36,6.223757253667617e-35,1.624614377273966e-36,7.188924519859081e-35,3.2923692612296785e-36
21.79444753752985,6.683289424931676e-35,6.211700526017463e-35,7.17879129227804e-35,1.5868865472567154e-36,6.841978079657348e-35,1.4993975691043261e-36,6.361640282927896e-35,1.6746542889726166e-36,7.346256721175302e-35,3.326704542263672e-36
22.17505275253932,6.825827330940817e-35,6.34541831332715e-35,7.331170301241768e-35,1.634482612704734e-36,6.98927559221129e-35,1.5444956968608512e-36,6.499867883013236e-35,1.7251857021462494e-36,7.503688871456393e-35,3.361488601574411e-36
22.56230462970634,6.968461676582371e-35,6.479377024003447e-35,7.483517629755501e-35,1.6835062442569885e-36,7.13681230100807e-35,1.590950263475924e-36,6.638472050351039e-35,1.777241862089492e-36,7.66124181596445e-35,3.396729294285617e-36
22.956319242369094,7.111063822774249e-35,6.613400279887406e-35,7.635664623453085e-35,1.734000259422898e-36,7.284463848716539e-35,1.6388020672369332e-36,6.777280486611099e-35,1.8308687768706713e-36,7.818751501140152e-35,3.4324346478255526e-36
23.357214690901213,7.253501968230548e-35,6.747303560051924e-35,7.787437394390751e-35,1.7860087599531012e-36,7.432102844225859e-35,1.688093133541688e-36,6.916112873406093e-35,1.886113842816499e-36,7.976048778672401e-35,3.468612866161508e-36
23.76511113811074,7.395641311364044e-35,6.880894349781206e-35,7.938657033491362e-35,1.839577170358001e-36,7.579599028399843e-35,1.7388667518067958e-36,7.054781024961886e-35,1.94302588640153e-36,8.132959622131515e-35,3.505272334143102e-36
24.180130845257207,7.537344223594256e-35,7.013972330410074e-35,8.089139846396985e-35,1.894752277581892e-36,7.726819451352445e-35,1.791167513486303e-36,7.193089081758704e-35,2.001655207401899e-36,8.289305367137175e-35,3.542421621957219e-36
24.602398208697764,7.678470433897525e-35,7.146329611639863e-35,8.23869761288379e-35,1.9515822718669092e-36,7.873628661084216e-35,1.84504135123355e-36,7.330833746763218e-35,2.0620536233510387e-36,8.444902975218895e-35,3.580069489697522e-36
25.03203979717325,7.81887722439529e-35,7.277751007799081e-35,8.387137869897921e-35,2.0101167888426482e-36,8.019888903279555e-35,1.9005355792412074e-36,7.467804565723202e-35,2.124274515336848e-36,8.599565321431605e-35,3.618224892051522e-36
25.4691843897454,7.958419636733073e-35,7.40801435934752e-35,8.534264218169216e-35,2.0704069528781984e-36,8.165460332020892e-35,1.9576989347944928e-36,7.603784252826969e-35,2.1883728751807523e-36,8.753101505687291e-35,3.65689698310825e-36
25.913963014396582,8.096960950757329e-35,7.536895106372017e-35,8.679881455457881e-35,2.1320029215618705e-36,8.310161242913515e-35,2.016118621322181e-36,7.738506968504234e-35,2.2537460774425857e-36,8.90525606320214e-35,3.696095121289738e-36
26.366508987303583,8.234982559878963e-35,7.664475273923121e-35,8.82412213721373e-35,2.1922070941687492e-36,8.454203269295838e-35,2.0733104236080427e-36,7.871806316283925e-35,2.3168422583600098e-36,9.055806363049731e-35,3.735828874409476e-36
26.826957952797247,8.372584620621945e-35,7.790861856649991e-35,8.967067813701986e-35,2.2541113312373337e-36,8.597995753745678e-35,2.1321246017869608e-36,8.004074316828687e-35,2.3817048885177104e-36,9.205238302553757e-35,3.776108024861208e-36
27.29544792402006,8.509432431524464e-35,7.916028980554406e-35,9.108629386121839e-35,2.3177636397255032e-36,8.741208795497015e-35,2.1926071782507663e-36,8.135289698379482e-35,2.448383421668326e-36,9.353467728288672e-35,3.816942574941458e-36
27.772119324293552,8.645175086834071e-35,8.039956858800042e-35,9.24872041372822e-35,2.38321338222668e-36,8.883496425056739e-35,2.25480548092149e-36,8.265437406892191e-35,2.5169286960783453e-36,9.500413283336055e-35,3.8583427523092765e-36
28.257115029208283,8.779445895333054e-35,8.162631825263739e-35,9.387257248500112e-35,2.450511315250847e-36,9.024497026858138e-35,2.318768180285601e-36,8.394508643292299e-35,2.587392973289257e-36,9.645996545829037e-35,3.900319015586798e-36
28.7505804094488,8.911862936825063e-35,8.28404635395329e-35,9.524159161524667e-35,2.519709628586362e-36,9.163833899683699e-35,2.384545327478791e-36,8.522500886701168e-35,2.659829977963883e-36,9.790142159321056e-35,3.9428820601042894e-36
29.25266337436645,9.042029763612135e-35,8.404199065233807e-35,9.659348460905528e-35,2.5908619857733293e-36,9.301115962189467e-35,2.4521883934515103e-36,8.649417904578958e-35,2.7342949388478233e-36,9.93277795479031e-35,3.986042823793456e-36
29.76351441631318,9.169536253613883e-35,8.523094719859681e-35,9.792750601037175e-35,2.6640235657198656e-36,9.43593861018587e-35,2.5217503092449322e-36,8.775269750784174e-35,2.8108446308783058e-36,1.0073835064125005e-34,4.029812493232908e-36
30.283286655749457,9.293988080520312e-35,8.640769225349854e-35,9.924322325914604e-35,2.7384168357693732e-36,9.567829764097249e-35,2.5925029095009206e-36,8.900019516299945e-35,2.8886711461438415e-36,1.0213189440528987e-34,4.074202509849726e-36
30.812135887140023,9.415775126692346e-35,8.757745419829083e-35,1.0054611202757431e-34,2.8120862785123346e-36,9.696983754543578e-35,2.6626124890618937e-36,9.024006668735272e-35,2.9657444317518867e-36,1.035118564593262e-34,4.119224576281234e-36
31.35022062565114,9.535189917608201e-35,8.873898753552834e-35,1.0183564492700351e-34,2.8877375914815666e-36,9.823963676756358e-35,2.734618056136787e-36,9.147360559166512e-35,3.044874127056205e-36,1.0488051905405973e-34,4.164890662901176e-36
31.89770215466321,9.652275876735215e-35,8.988774845061202e-35,1.0310785252045836e-34,2.9654240913502324e-36,9.94881828587024e-35,2.808570884298752e-36,9.269631933491077e-35,3.1261150995872176e-36,1.0623396762004557e-34,4.211213014514556e-36
32.454744574113306,9.76708618306817e-35,9.101899841471785e-35,1.0435861910303596e-34,3.045200529127212e-36,1.007160623598089e-34,2.8845236337223895e-36,9.390352204844024e-35,3.209523680808237e-36,1.0756814278384418e-34,4.258204157225608e-36
33.02151484968176,9.879683558231326e-35,9.212781192311858e-35,1.0558368999122862e-34,3.12712312874428e-36,1.0192395871105754e-34,2.9625303886821745e-36,9.509034231180075e-35,3.295157705175093e-36,1.0887884769640371e-34,4.3058769054833706e-36
33.59818286283781,9.990140043230111e-35,9.320908672112058e-35,1.0677868038505332e-34,3.211249626680577e-36,1.0311265005898169e-34,3.0426466960644864e-36,9.625173341718506e-35,3.383076550237599e-36,1.1016175693529092e-34,4.354244369309547e-36
34.18492146175929,1.009853676778526e-34,9.425755664127696e-35,1.0793908586146482e-34,3.297639312653872e-36,1.0428300699050646e-34,3.124929604921368e-36,9.738248624619833e-35,3.4733411778115097e-36,1.1141242703927634e-34,4.403319961713427e-36
34.7819065131413,1.0205134157444159e-34,9.527084133117774e-35,1.0906329680594202e-34,3.3842473256561926e-36,1.0543558890009778e-34,3.2075240281803394e-36,9.847836535935807e-35,3.563947258897075e-36,1.126272440648391e-34,4.4531174062987e-36
35.38931695490988,1.0310672304135095e-34,9.626117862943587e-35,1.10163573561088e-34,3.4711470038209265e-36,1.0657787004517187e-34,3.2904990436523994e-36,9.955167767308828e-35,3.654970749210752e-36,1.1381854431029874e-34,4.503650745067283e-36
36.007334849856186,1.0414639431318774e-34,9.722809890384055e-35,1.112386615930831e-34,3.5602780656105176e-36,1.0770667237879825e-34,3.375620528841375e-36,1.0060371943268192e-34,3.748318986549852e-36,1.1498698057963296e-34,4.554934346425226e-36
36.63614544020716,1.0516326220936172e-34,9.81686096945542e-35,1.1228471948491575e-34,3.651697807818196e-36,1.0881496001717992e-34,3.46294401048878e-36,1.0163155370504298e-34,3.844051345134299e-36,1.1612877083005005e-34,4.606982913396044e-36
37.2759372031494,1.0614999670932155e-34,9.90796573762101e-35,1.1329781760994126e-34,3.745464998486725e-36,1.0989546170780828e-34,3.55252645175024e-36,1.0263218382796034e-34,3.942228715606215e-36,1.1724004632554747e-34,4.659811492046863e-36
37.926901907322495,1.0709904859065511e-34,9.995813478602663e-35,1.142739478741681e-34,3.841639914686935e-36,1.1094068850534205e-34,3.644426289353731e-36,1.0360256107538035e-34,4.0429135437594604e-36,1.1831686141792758e-34,4.7134354801329794e-36
38.58923467029903,1.0800267219603626e-34,1.0080088968500214e-34,1.1520903472255266e-34,3.940284381266032e-36,1.119429565773023e-34,3.738703471719052e-36,1.0453959315672119e-34,4.1461698702583285e-36,1.1935520459281098e-34,4.76787063596656e-36
39.26313401706837,1.0886086694144184e-34,1.0160948327902166e-34,1.1610607173885602e-34,4.038935100131889e-36,1.1289980204157372e-34,3.8329708605757594e-36,1.0544245413959743e-34,4.249279093733698e-36,1.2035535083258972e-34,4.823133087515288e-36
39.9488019395417,1.0968967862939218e-34,1.0239358652084921e-34,1.1697909529823864e-34,4.1390391519495435e-36,1.1382871778134172e-34,3.92862981816556e-36,1.0632221633901477e-34,4.353832547126678e-36,1.2133292784536532e-34,4.8792393417370594e-36
40.64644395709628,1.1048728497520163e-34,1.0315055695426854e-34,1.1782250124935575e-34,4.241624259030994e-36,1.1472890923423263e-34,4.02667612397689e-36,1.0717723307824543e-34,4.460958536795947e-36,1.2228345978615169e-34,4.9362062941568666e-36
41.35626917817708,1.1125067183379463e-34,1.0387695823152074e-34,1.1862939959107306e-34,4.3467519137444605e-36,1.1559742374753908e-34,4.127169358750272e-36,1.0800412759027102e-34,4.5707203599608957e-36,1.2320011995103395e-34,4.994051238692179e-36
42.07849036297403,1.119767934122486e-34,1.0456930228358035e-34,1.1939276279899374e-34,4.4544851325321935e-36,1.164312785447808e-34,4.230170590175055e-36,1.087994728737554e-34,4.683182871268418e-36,1.2407594567026217e-34,5.0527918777334246e-36
42.81332398719393,1.1266258090970534e-34,1.052240591590636e-34,1.201054482480005e-34,4.564888493683853e-36,1.1722746940338919e-34,4.335742409999011e-36,1.0955980156906262e-34,4.798412521112794e-36,1.249038607691133e-34,5.1124463324861326e-36
43.56099030694608,1.1331480768134462e-34,1.0584699605364542e-34,1.2077241611213163e-34,4.674894766797346e-36,1.1798970244814197e-34,4.441178354393894e-36,1.1028817440803932e-34,4.912920281761721e-36,1.2568533639389336e-34,5.173033153581709e-36
44.32171342476086,1.1396500690399395e-34,1.0646769604288198e-34,1.2143173166436638e-34,4.78568696234169e-36,1.1875069386633564e-34,4.5475287518952984e-36,1.1101522479477728e-34,5.028043952316094e-36,1.2645977561668248e-34,5.234571331963783e-36
45.095721356761466,1.1461005089341339e-34,1.0708340979147004e-34,1.220816421577236e-34,4.8991048663150436e-36,1.1950915575972842e-34,4.6564258624863e-36,1.1173983565395634e-34,5.145865297321062e-36,1.2722750745504467e-34,5.297080310057417e-36
45.883246101008446,1.152432585765431e-34,1.076880472951979e-34,1.2271618698549062e-34,5.0152107064285044e-36,1.202584692829716e-34,4.76793067087151e-36,1.124559779660694e-34,5.2664475309480127e-36,1.2798263451643863e-34,5.360579993228541e-36
46.6845237070379,1.1585780738961766e-34,1.082753869990455e-34,1.2332929063637262e-34,5.1340681851527526e-36,1.2099187557477042e-34,4.88210562212162e-36,1.1315749262116712e-34,5.389855348655755e-36,1.2871914598502838e-34,5.425090761541236e-36
47.4997943466141,1.1644674217822643e-34,1.088390838729539e-34,1.239147716250041e-34,5.255742514668649e-36,1.2170248469289508e-34,4.999014656644585e-36,1.1383809852959849e-34,5.51615496190164e-36,1.2943092658690573e-34,5.490633481820697e-36
48.32930238571752,1.1700298819726131e-34,1.0937268113673678e-34,1.2446635446221812e-34,5.380300452646625e-36,1.2238328864990794e-34,5.1187232459929805e-36,1.1449140438272976e-34,5.645414133665185e-36,1.301117685958833e-34,5.557229520029811e-36
49.17329645779018,1.1751936832234854e-34,1.0986962573576999e-34,1.249776847343069e-34,5.5078103388735005e-36,1.2302717866122204e-34,5.2412984295301265e-36,1.151109241653001e-34,5.7777022148049866e-36,1.307553869491119e-34,5.6249007539676614e-36
50.03202953826004,1.1798862455949102e-34,1.1032328764721154e-34,1.2544234734200631e-34,5.638342132748228e-36,1.2362696669223925e-34,5.366808851972888e-36,1.1569009649918442e-34,5.913090181267064e-36,1.3135543752327337e-34,5.693669586298331e-36
50.905759020366816,1.1840344390772616e-34,1.1072698306857188e-34,1.2585388792718127e-34,5.7719674516653664e-36,1.2417541135939153e-34,5.495324801834863e-36,1.1622230787040675e-34,6.051650672165643e-36,1.3190553859934691e-34,5.763558957918676e-36
51.7947467923121,1.1875689611368222e-34,1.1107432982138495e-34,1.2620622984016802e-34,5.90801681596614e-36,1.2466491292964836e-34,5.6263422812614096e-36,1.1670067210264635e-34,6.19265014828675e-36,1.3239887998845476e-34,5.8345923616739806e-36
52.69925931575656,1.1908803212984142e-34,1.11396454740039e-34,1.2653736485098056e-34,6.040524530389744e-36,1.2512855666023116e-34,5.755248647334153e-36,1.1715170338737316e-34,6.32959718691102e-36,1.3286696203789158e-34,5.906793856430568e-36
53.61956770568817,1.194188569249247e-34,1.1171229382510611e-34,1.268682020420257e-34,6.17600418868702e-36,1.2559486111361172e-34,5.887108415525611e-36,1.1759940224063172e-34,6.469572733676211e-36,1.3333777477570193e-34,5.980188081514764e-36
54.55594781168517,1.197386889495956e-34,1.1201477698800072e-34,1.271880464681632e-34,6.314522446980042e-36,1.2605321139657563e-34,6.021989251881613e-36,1.1803676623988232e-34,6.612643762367602e-36,1.3380069023053078e-34,6.054800271527804e-36
55.50868030059805,1.200367346450687e-34,1.1229676196586182e-34,1.2748609758758023e-34,6.456147456385001e-36,1.2649288210145372e-34,6.159960372759759e-36,1.1845672233862159e-34,6.758878727858866e-36,1.342449763154391e-34,6.130656271546521e-36
56.47805074067555,1.203021031613591e-34,1.1255104503183512e-34,1.2775146313304983e-34,6.600948896542621e-36,1.2690305205790173e-34,6.301092580348549e-36,1.1885213761218367e-34,6.908347598865075e-36,1.346598107319149e-34,6.207782552719976e-36
57.46434968715974,1.2052383087628503e-34,1.1277037628437522e-34,1.279731822181021e-34,6.74899800990061e-36,1.2727282888618564e-34,6.445458299001298e-36,1.1921583458337653e-34,7.061121891421129e-36,1.3503430410952324e-34,6.286206228272354e-36
58.46787276937589,1.2069091581577514e-34,1.1294747955629854e-34,1.2814025776755567e-34,6.900367636765007e-36,1.2759128345254014e-34,6.593131612401633e-36,1.1954061116870017e-34,7.217274703099448e-36,1.3535753247065512e-34,6.365955069922836e-36
59.48892077934334,1.2079236200181095e-34,1.130750769530766e-34,1.282416982959131e-34,7.055132251137806e-36,1.2784749425294876e-34,6.744188301580431e-36,1.1981926525465702e-34,7.376880747984895e-36,1.35618579043898e-34,6.447057524733332e-36
60.52779976193349,1.2081890691562792e-34,1.131470698452503e-34,1.2826805602121283e-34,7.212055619633113e-36,1.2803096253526104e-34,6.897446378003742e-36,1.2004451622325403e-34,7.53864500395138e-36,1.3580670102516421e-34,6.529542732395338e-36
61.58482110660261,1.2081890691562792e-34,1.1319675554981695e-34,1.2826154968959791e-34,7.367012977200274e-36,1.281859198928282e-34,7.048948153174171e-36,1.2024570370299111e-34,7.698256550405196e-36,1.359598062400031e-34,6.61344054296739e-36
62.66030164072653,1.2081890691562792e-34,1.1324172970000355e-34,1.2824625997656542e-34,7.525299729870783e-36,1.283442066454987e-34,7.203777650898993e-36,1.2044550735090255e-34,7.861247463541893e-36,1.361075074401073e-34,6.698781535075006e-36
63.75456372456507,1.2081890691562792e-34,1.1328120247508202e-34,1.2822288240412974e-34,7.686987412626199e-36,1.2850589432825411e-34,7.362007964297985e-36,1.2064321043938e-34,8.027689292816834e-36,1.3625057169694658e-34,6.785597034585132e-36
64.86793534788511,1.2081890691562792e-34,1.1331438369243767e-34,1.281921136106411e-34,7.852149097440434e-36,1.2867105601306835e-34,7.523713791974575e-36,1.2083809748441224e-34,8.197655102561772e-36,1.3638976871320287e-34,6.873919133767668e-36
66.00075022827095,1.2081890691562792e-34,1.1334048321734384e-34,1.2815465093161866e-34,8.020859426302907e-36,1.2883976634193084e-34,7.688971473280145e-36,1.2102945469062398e-34,8.371219504059533e-36,1.365258704356782e-34,6.963780710956753e-36
67.15334791115141,1.2081890691562792e-34,1.1335871142754395e-34,1.2811119201809632e-34,8.193194644951814e-36,1.2901210156057974e-34,7.857859024352906e-36,1.2121657045189685e-34,8.548458688295679e-36,1.36659650706392e-34,7.055215450724973e-36
68.32607387157402,1.2081890691562792e-34,1.1336827973247271e-34,1.2806243449263691e-34,8.369232637332234e-36,1.2918813955296015e-34,8.030456174948371e-36,1.2139873590742108e-34,8.729450459405774e-36,1.3679188495204268e-34,7.148257864583924e-36
69.51927961775606,1.2080693114240163e-34,1.1335976437629215e-34,1.2800147714332767e-34,8.545373875990974e-36,1.293523050183926e-34,8.205505520858613e-36,1.2156526989715077e-34,8.909768873550466e-36,1.3691124601687812e-34,7.242943312224937e-36
70.73332279644438,1.2071368813836151e-34,1.1328325458873694e-34,1.2788441831413752e-34,8.721224694476243e-36,1.2943491283283775e-34,8.382914374960635e-36,1.2166616896369757e-34,9.088918880752073e-36,1.369733371948896e-34,7.339308023314186e-36
71.96856730011518,1.2054456248719715e-34,1.1314405266079794e-34,1.2771370090979524e-34,8.900694255782124e-36,1.2944525674297928e-34,8.564158934423378e-36,1.2170821159522132e-34,9.271671082975177e-36,1.3698537199277042e-34,7.437389119856649e-36
73.22538337604533,1.2031944444662439e-34,1.1295802694833775e-34,1.2750087516855215e-34,9.083857028140626e-36,1.29403301474765e-34,8.749322129919546e-36,1.2170734907825729e-34,9.458097910074682e-36,1.3695897307862682e-34,7.537224639143889e-36
74.50414773728913,1.2005817729643511e-34,1.1274101610337574e-34,1.2725746581775263e-34,9.270789012227484e-36,1.293289663086626e-34,8.938488685141859e-36,1.216795047885176e-34,9.64827324826257e-36,1.369057390660152e-34,7.638853557300999e-36
75.8052436755926,1.1978048190216899e-34,1.1250877488685911e-34,1.2699493950176031e-34,9.461567772696486e-36,1.2924204967486548e-34,9.131745155569258e-36,1.2164052004242836e-34,9.842272469391534e-36,1.3683721197115184e-34,7.742315813448398e-36
77.12906117627992,1.1950591373093482e-34,1.1227694202315974e-34,1.2672468254120526e-34,9.656272470364214e-36,1.2916218620129904e-34,9.329179968072036e-36,1.2160612199123177e-34,1.0040172460827458e-35,1.3676485500203272e-34,7.847652334494602e-36
78.47599703514611,1.192377316278472e-34,1.12046917807763e-34,1.2644328222514626e-34,9.85242937979421e-36,1.2909016100764142e-34,9.518618382000427e-36,1.2156553618976342e-34,1.0240627736102701e-35,1.3668390996124896e-34,7.954905060576589e-36
79.84645497739086,1.1893844790490511e-34,1.117854387059776e-34,1.261154884643416e-34,1.0051350671664773e-35,1.2898979857656988e-34,9.706048759195823e-36,1.2149148746517344e-34,1.0444405106472137e-35,1.3655989357081374e-34,8.064116971164705e-36
81.24084577862966,1.186093704883744e-34,1.114942824463639e-34,1.2574719331087491e-34,1.0254288199413221e-35,1.2886365868778763e-34,9.897169813429187e-36,1.213914522597931e-34,1.0652237425204578e-35,1.3639943073607948e-34,8.175332111849535e-36
82.65958738801808,1.1825507124940719e-34,1.111781198119195e-34,1.2534742188317887e-34,1.0461323051144848e-35,1.2871639430055204e-34,1.0092054217536169e-35,1.2127017402945567e-34,1.0864205381368678e-35,1.3621162726454755e-34,8.288595621828733e-36
84.10310505352605,1.178800883735758e-34,1.1084159013172662e-34,1.2492511736027208e-34,1.06725379521394e-35,1.285526263257152e-34,1.0290776075347603e-35,1.2113236620707424e-34,1.1080391269657734e-35,1.360055086299298e-34,8.403953762112049e-36
85.57183144940007,1.1748891776298547e-34,1.1048929202211603e-34,1.2448912201281794e-34,1.088801729790676e-35,1.2837693506089224e-34,1.0493410949867113e-35,1.2098270297198314e-34,1.1300879022340617e-35,1.3579000103515857e-34,8.521453944463551e-36
87.06620680585127,1.17083611689182e-34,1.1012300032998388e-34,1.2404437818733723e-34,1.110029687050008e-35,1.2818390855968207e-34,1.0698253648019654e-35,1.2082125397800353e-34,1.1518947757796927e-35,1.3556332594513415e-34,8.641144761100258e-36
88.58667904100822,1.1665738976147092e-34,1.0973451363022404e-34,1.2358061704164183e-34,1.1311485532753091e-35,1.2796887529422402e-34,1.0905860082614278e-35,1.2064037371283832e-34,1.1736510616586669e-35,1.353171276582285e-34,8.763076015167144e-36
90.13370389517434,1.1621084601785526e-34,1.093245112167248e-34,1.2309765534246475e-34,1.1526692164217606e-35,1.2773753818207286e-34,1.1117495252468419e-35,1.2044200646919322e-34,1.1958182669941553e-35,1.350558380124063e-34,8.887298752008857e-36
91.70774506742931,1.1574559552624735e-34,1.0889487282714434e-34,1.225968535432482e-34,1.174599320875388e-35,1.2749158873500124e-34,1.1333237337758654e-35,1.20228110164903e-34,1.2184041529822346e-35,1.3478089507307056e-34,9.013865291259024e-36
93.30927435461663,1.1526324077730606e-34,1.0844746365663302e-34,1.220795618065802e-34,1.196946656460458e-35,1.2723270734191064e-34,1.1553166035798479e-35,1.200006296924315e-34,1.2414166274076596e-35,1.344937280806568e-34,9.142829259768702e-36
94.93877179275825,1.1476536937579121e-34,1.0798413134895168e-34,1.215471182633534e-34,1.2197191612065145e-35,1.2696256098785636e-34,1.1777362590477834e-35,1.1976149393942952e-34,1.2648637474125989e-35,1.3419575573747939e-34,9.274245625395969e-36
96.59672580093832,1.1425355194181623e-34,1.0750670329223355e-34,1.21000847410888e-34,1.2429249241680564e-35,1.266828011834968e-34,1.2005909822276717e-35,1.1951261311451027e-34,1.2887537223176696e-35,1.338883846340647e-34,9.408170731679164e-36
98.28363332770026,1.137293402203102e-34,1.0701698421669751e-34,1.204420586491042e-34,1.2665721882978624e-35,1.263950621032888e-34,1.2238892158859377e-35,1.1925587637555688e-34,1.3130949164960458e-35,1.3357300781406467e-34,9.544662333417169e-36
100.0,1.1319426539627774e-34,1.0651675409050056e-34,1.1987204495338111e-34,1.2906693533749839e-35,1.2610095893002758e-34,1.2476395666262122e-35,1.1899314975676269e-34,1.3378958523021644e-35,1.3325100347640276e-34,9.683779633180424e-36
101.74634027476064,1.1264983661282421e-34,1.0600776630891199e-34,1.192920816823637e-34,1.3152249789884402e-35,1.2580208640270863e-34,1.2718508080688396e-35,1.1872627438960038e-34,1.3631652130554082e-35,1.329237338129178e-34,9.825583318777089e-36
103.52317759307378,1.1209753968834304e-34,1.0549174617112655e-34,1.1870342551862174e-34,1.340247787577685e-35,1.2550001756411988e-34,1.296531884091779e-35,1.1845706501204435e-34,1.388911846080488e-35,1.3259254397942661e-34,9.970135601699569e-36
105.3310445370937,1.1153883602877187e-34,1.0497038963828823e-34,1.1810731353975295e-34,1.3657466675309142e-35,1.2519630270408101e-34,1.3216919121347298e-35,1.1818730875963552e-34,1.4151447658049194e-35,1.3225876119780214e-34,1.0117500256577016e-35
107.17048298967104,1.1097516173041641e-34,1.0444536236570206e-34,1.1750496241725114e-34,1.391730676342326e-35,1.2489246849383966e-34,1.3473401865670373e-35,1.1791876423137244e-34,1.441873156915226e-35,1.319236939864034e-34,1.0267742661660259e-35
109.04204429677526,1.1040365044933862e-34,1.039138493139174e-34,1.1689345270694832e-34,1.4172401316085904e-35,1.2457605176542452e-34,1.3722056560668135e-35,1.1763590587458554e-34,1.467406710300928e-35,1.315675198099576e-34,1.0420929840366386e-35
110.94628943275218,1.098137842491554e-34,1.0336493766540564e-34,1.1626263287519284e-34,1.4428070372862225e-35,1.2424185462201761e-34,1.3969880323752866e-35,1.173348179891585e-34,1.492673673598527e-35,1.3118936961117811e-34,1.0577130503910579e-35
112.88378916846884,1.092066460626479e-34,1.027996483332058e-34,1.1561364605617932e-34,1.4688351680247206e-35,1.238949977428951e-34,1.4222179845793843e-35,1.1702182817899966e-34,1.5183757033503247e-35,1.3079740308968258e-34,1.0736415095054052e-35
114.8551242423938,1.085840404045094e-34,1.0221975042993796e-34,1.1494833229133535e-34,1.495332844289566e-35,1.2353736884740507e-34,1.4479035960113842e-35,1.166987863900518e-34,1.544520290872817e-35,1.3039353520006352e-34,1.0898855832997136e-35
116.86088553466509,1.07947744588438e-34,1.0162698623092146e-34,1.1426850408826896e-34,1.522308536646837e-35,1.2317082995490636e-34,1.4740530959905615e-35,1.1636751719082707e-34,1.5711150564739058e-35,1.2997965465300802e-34,1.1064526759447701e-35
118.901674244199,1.0729950651051242e-34,1.0102306899139139e-34,1.1357594416983968e-34,1.5497708684709634e-35,1.2279721519522204e-34,1.5006748624597483e-35,1.1602981761598887e-34,1.5981677516739492e-35,1.2955762168657917e-34,1.1233503785895916e-35
120.97810206889012,1.0664104270865663e-34,1.004096810465017e-34,1.128724034935419e-34,1.5777286187014788e-35,1.224183288956714e-34,1.5277774246695144e-35,1.1568745529319684e-34,1.6256862614650824e-35,1.2912926610819272e-34,1.1405864742126732e-35
123.09079138896018,1.059740366921609e-34,9.978847218777248e-35,1.1215959953543878e-34,1.6061907246492513e-35,1.2203594393865342e-34,1.5553694659108214e-35,1.1534216684688069e-34,1.6536786066094388e-35,1.2869638560153317e-34,1.1581689426002938e-35
125.24037545350733,1.053001375344687e-34,9.91610583088721e-35,1.1143921483214876e-34,1.6351662848535924e-35,1.2165180038300464e-34,1.5834598262970302e-35,1.149956565718424e-34,1.6821529459769458e-35,1.2826074429191823e-34,1.1761059654551892e-35
127.42749857031336,1.0462095872179234e-34,9.852902031298216e-35,1.1071289577376567e-34,1.6646645619907526e-35,1.2126760434169987e-34,1.6120575055961544e-35,1.146495953689437e-34,1.711117578923371e-35,1.2782407156299938e-34,1.1944059316390324e-35
129.65281629896677,1.039378120292186e-34,9.789369833048764e-35,1.0998192469944335e-34,1.69424236770412e-35,1.208802357062598e-34,1.6409695923011934e-35,1.1430339425349957e-34,1.7402901762912284e-35,1.2738482646235563e-34,1.2130774425522347e-35
131.91699564735717,1.032414744312003e-34,9.724808182832618e-35,1.0923481377937195e-34,1.7221783579945613e-35,1.204632580111459e-34,1.6694320307058908e-35,1.1394240213538508e-34,1.7685683653242288e-35,1.2692049743261424e-34,1.232129317654672e-35
134.2207152716012,1.0252901133469202e-34,9.658944341582398e-35,1.0846841956548332e-34,1.7505749786932796e-35,1.200347611216248e-34,1.6983881469969962e-35,1.1357332488579395e-34,1.797306050127463e-35,1.2644148006675795e-34,1.2515706001310337e-35
136.56466567946097,1.0180348864308351e-34,9.591960701907705e-35,1.0768708277831446e-34,1.7794398250338507e-35,1.1959788689342201e-34,1.72784650396349e-35,1.1319807205871196e-34,1.8265106971041947e-35,1.2595218974935642e-34,1.2714105627046084e-35
138.94954943731375,1.0106790150566095e-34,9.524035848428548e-35,1.0689503889019991e-34,1.808780617486104e-35,1.19155707680522e-34,1.7578158129150764e-35,1.1281851661343625e-34,1.8561898939801904e-35,1.254569378300018e-34,1.2916587136033952e-35
141.376081380736,1.0032517105346239e-34,9.455344377064831e-35,1.0609641324564352e-34,1.8386052038208814e-35,1.187112230916712e-34,1.788304936258176e-35,1.1243649313323006e-34,1.886351351775107e-35,1.2495992676339459e-34,1.3123248026825357e-35
143.8449888287663,9.95781419857154e-35,9.386056746049485e-35,1.0529521779437967e-34,1.8689215612093168e-35,1.1826735759780857e-34,1.8193228901165938e-35,1.1205379636166079e-34,1.9170029068059074e-35,1.2446524686243874e-34,1.3334188277071978e-35
146.357011801908,9.882958097333327e-35,9.316339157616371e-35,1.0449534936823241e-34,1.8997377983562428e-35,1.178269589568957e-34,1.8508788469979058e-35,1.1167218004614276e-34,1.9481525227228315e-35,1.2397687459546073e-34,1.3549510408000988e-35
148.91290324394086,9.80821758443695e-35,9.246353469250686e-35,1.037005894302004e-34,1.9310621576692698e-35,1.173927974210622e-34,1.8829821385058306e-35,1.1129335607756517e-34,1.979808292578452e-35,1.2349867235598493e-34,1.3769319550580192e-35
151.5134292476053,9.733816461180415e-35,9.176208078042152e-35,1.029143369814371e-34,1.9626915849554742e-35,1.1696508046135889e-34,1.9148687303808622e-35,1.1091076808423014e-34,2.0117366923429587e-35,1.2303170390486668e-34,1.399372351341726e-35
154.15936928422718,9.659250020515394e-35,9.105166249229524e-35,1.0213358443453403e-34,1.9942618630080759e-35,1.1653511883523471e-34,1.9451835402218074e-35,1.1050349789451331e-34,2.0435202002973796e-35,1.2256878643750781e-34,1.4222832852438717e-35
156.85151643735475,9.584314748020191e-35,9.033158189190959e-35,1.0135491914433711e-34,2.026339955158398e-35,1.1610654703178589e-34,1.9759782720966304e-35,1.1009136461287589e-34,2.0758058571571385e-35,1.221129777159085e-34,1.4456760942395595e-35
159.5906776404731,9.509055761502591e-35,8.960473635893583e-35,1.0057643195571432e-34,2.0589340296955334e-35,1.1567989791198124e-34,2.0072605237821206e-35,1.0967734159675704e-34,2.1086015963927133e-35,1.2166244791964145e-34,1.4695624050243368e-35
162.3776739188721,9.433517267139153e-35,8.88739408075699e-35,9.979627348420851e-35,2.092052386297101e-35,1.1525569653436254e-34,2.0390380133375476e-35,1.0926432094094538e-34,2.1419154768159008e-35,1.2121542825236752e-34,1.4939541410445934e-35
165.213340635737,9.357742544888925e-35,8.814192602672734e-35,9.901265423505226e-35,2.1257034581426585e-35,1.1483446003031583e-34,2.071318581008851e-35,1.0885511183681584e-34,2.1757556845598818e-35,1.2077021108065108e-34,1.5188635302253702e-35
168.09852774253636,9.281773935713212e-35,8.741133787489791e-35,9.822384505009023e-35,2.1598958140611063e-35,1.1441669749774318e-34,2.1041101911631465e-35,1.0845243978652938e-34,2.2101305350909153e-35,1.2032515040099938e-34,1.5443031129007988e-35
171.03410003378394,9.205652830553287e-35,8.668473728688662e-35,9.742817786238375e-35,2.1946381607126336e-35,1.1400290991265922e-34,2.13742093425352e-35,1.0805894662942183e-34,2.2450484752516423e-35,1.1987866261490017e-34,1.5702857499524955e-35
174.0209374062485,9.129407815408744e-35,8.596416310719516e-35,9.662447947837328e-35,2.2285541027380246e-35,1.1357961918146768e-34,2.1705444194592014e-35,1.0766960730178719e-34,2.2791836643572543e-35,1.1941631612194583e-34,1.5968246311613513e-35
177.0599351226898,9.05302936322071e-35,8.524867244155734e-35,9.58144517476535e-35,2.2618820456089208e-35,1.131491140882963e-34,2.2036073215903597e-35,1.0728474565746093e-34,2.3127667610453977e-35,1.189421193581075e-34,1.623933283778347e-35
180.1520040802024,8.976566761680552e-35,8.453739824413368e-35,9.499963223246567e-35,2.2957084066131517e-35,1.1272275168293704e-34,2.2371738556617872e-35,1.0690913680075155e-34,2.3468446947231197e-35,1.1846807917969687e-34,1.6516255813201524e-35
183.2980710832436,8.900075784080654e-35,8.382966874152139e-35,9.418134571429875e-35,2.330040639575249e-35,1.1230116423655903e-34,2.27125169326653e-35,1.0654218567418668e-34,2.3814247566669957e-35,1.1799559328096871e-34,1.6799157525954021e-35
186.4990791214296,8.823610638761748e-35,8.312483431025701e-35,9.336087866452427e-35,2.3648863097912589e-35,1.1188496948553007e-34,2.3058486228555084e-35,1.061833205388121e-34,2.4165143455884046e-35,1.1752602212040833e-34,1.7088183909677068e-35
189.75598765218504,8.747223966564683e-35,8.242226722236338e-35,9.253947884315335e-35,2.4002530956960985e-35,1.1147477062260781e-34,2.340972551517524e-35,1.0583199273753863e-34,2.452120969216548e-35,1.1706068853531884e-34,1.7383484638616604e-35
193.06977288832496,8.670966841415519e-35,8.172136143956775e-35,9.171835506559935e-35,2.4361487905552356e-35,1.1107115631970755e-34,2.3766315067864143e-35,1.054876765074319e-34,2.4882522459047947e-35,1.166008775246473e-34,1.7685213225181664e-35
196.44142809066267,8.594888773903868e-35,8.102153245324171e-35,9.089867712942691e-35,2.472581304182289e-35,1.1067470078086157e-34,2.4128336384757397e-35,1.051498688379991e-34,2.5249159062606954e-35,1.1614783619203387e-34,1.7993527120057075e-35
199.87196386572504,8.519037717714868e-35,8.032221716716014e-35,9.008157589301071e-35,2.5095586646816805e-35,1.1028596382396548e-34,2.4495872205414096e-35,1.0481808937257423e-34,2.562119794800015e-35,1.1570277384101086e-34,1.8308587814942227e-35
203.36240846866724,8.443460078776098e-35,7.962287382020898e-35,8.926814349801831e-35,2.5470890202179965e-35,1.0990549098994095e-34,2.4869006529726494e-35,1.0449188034993548e-34,2.599871871625136e-35,1.1526686221426966e-34,1.8630560947985303e-35
206.913808111479,8.368200726980648e-35,7.892298194618785e-35,8.845943372766575e-35,2.585180640811152e-35,1.0953381367791799e-34,2.524782463711968e-35,1.0417080658330753e-34,2.6381802141281935e-35,1.1484123586894767e-34,1.8959616411983825e-35
210.5272272765707,8.29330301035006e-35,7.822204236787894e-35,8.765646249280997e-35,2.6238419201590697e-35,1.091714493050913e-34,2.5632413106039663e-35,1.038544554739186e-34,2.677053018719306e-35,1.1442699268000304e-34,1.929592846542396e-35
214.2037490358383,8.218808771501337e-35,7.751957722256406e-35,8.686020843804366e-35,2.663081377486934e-35,1.088189014898827e-34,2.602285983374242e-35,1.0354243705630648e-34,2.716498602580268e-35,1.1402519446384634e-34,1.963967584643357e-35
217.94447537529857,8.144696682218385e-35,7.681403911855156e-35,8.607017114525897e-35,2.701105275672203e-35,1.0845801957890588e-34,2.6401265833153164e-35,1.0321530495170472e-34,2.7547046342578796e-35,1.1361721748783776e-34,1.999104188972524e-35
221.7505275253932,8.070794305083141e-35,7.610266209985467e-35,8.528240551991772e-35,2.738769242107004e-35,1.0809563547190146e-34,2.6776161511449345e-35,1.0287882361130401e-34,2.7925361467014614e-35,1.1320776698693233e-34,2.035021464660807e-35
225.6230462970633,7.997097953193512e-35,7.538721308655122e-35,8.449700790053666e-35,2.7769583914661805e-35,1.0774056344659693e-34,2.715638067576719e-35,1.025435937623184e-34,2.830887215149695e-35,1.1280588005203361e-34,2.0717387008149023e-35
229.56319242369096,7.923618246074207e-35,7.46697043332729e-35,8.371440405891958e-35,2.8156800468526e-35,1.0739298292926808e-34,2.754199891914424e-35,1.0221170325241714e-34,2.869764974882786e-35,1.1241205380774744e-34,2.1092756831566318e-35
233.57214690901213,7.850365558395641e-35,7.39520790487005e-35,8.293500538313548e-35,2.854941633481995e-35,1.0705307191877637e-34,2.793309290803394e-35,1.0188517195673443e-34,2.9091766591727367e-35,1.1202677197486284e-34,2.1476527069939904e-35
237.65111138110728,7.777350020520494e-35,7.32362110775565e-35,8.215920900388784e-35,2.894750680106444e-35,1.0672100700626936e-34,2.8329740397546264e-35,1.0156595147510276e-34,2.9491296006290494e-35,1.1165050501017833e-34,2.1868905905326608e-35
241.80130845257204,7.704581519165875e-35,7.252390506890206e-35,8.138739794038052e-35,2.93511482045845e-35,1.0639696339624325e-34,2.8732020246907444e-35,1.012559253158095e-34,2.9896312325631714e-35,1.1128371026601223e-34,2.2270106885368853e-35
246.0239820869775,7.632069698177971e-35,7.181689710146752e-35,8.06199412645443e-35,2.976041794714394e-35,1.0608111492892366e-34,2.914001243513646e-35,1.0095690953660398e-34,3.0306890903711843e-35,1.1092683216825614e-34,2.2680349063489092e-35
250.32039797173252,7.559823959415871e-35,7.111685573700885e-35,7.985719428252381e-35,3.017539450979171e-35,1.0577363410395042e-34,2.95537980769488e-35,1.0067065381395766e-34,3.072310812935968e-35,1.105803024118835e-34,2.309985714276449e-35
254.691843897454,7.487853463742021e-35,7.042538347324057e-35,7.909949873232862e-35,3.0596157467907367e-35,1.0547469210532758e-34,2.997345943888191e-35,1.0039884291212248e-34,3.11450414404838e-35,1.1024454017281241e-34,2.3528861623577892e-35
259.13963014396575,7.416163448484942e-35,6.97439890673363e-35,7.834716195457264e-35,3.101980402063825e-35,1.0518143850548767e-34,3.0395959335139596e-35,1.001399484024759e-34,3.156969312446935e-35,1.0991685507904199e-34,2.3967598955145235e-35
263.6650898730358,7.344546960241002e-35,6.907168630345627e-35,7.759911905877362e-35,3.143045902666137e-35,1.0487592862907139e-34,3.0804686012801715e-35,9.987637231625798e-35,3.198069530825311e-35,1.0957981436702673e-34,2.441631169102052e-35
268.26957952797244,7.272961917051071e-35,6.840655160246674e-35,7.685479161297293e-35,3.1846550480117996e-35,1.045761696506287e-34,3.1218908733381606e-35,9.962546033584834e-35,3.239704828193503e-35,1.0925183989490795e-34,2.4875248648683366e-35
272.9544792402007,7.201519016900381e-35,6.77475270705874e-35,7.611440194045793e-35,3.2268150351301173e-35,1.0428334052030497e-34,3.163870140076028e-35,9.938622847134769e-35,3.281882170683103e-35,1.0893322364728896e-34,2.5344665073316565e-35
277.7211932429355,7.130324936064996e-35,6.709359340213683e-35,7.537816414546697e-35,3.269533156327956e-35,1.0399858092392952e-34,3.2064138912585314e-35,9.915773231472216e-35,3.324608615116808e-35,1.0862425029663505e-34,2.582482280588317e-35
282.5711502920827,7.059482354559245e-35,6.644376907222422e-35,7.464628421845172e-35,3.312816800451229e-35,1.0372299155010475e-34,3.2495297173633213e-35,9.893906624585744e-35,3.3678913101892686e-35,1.0832519732034442e-34,2.6315990455617137e-35
287.50580409448804,6.989089996780622e-35,6.579710967707883e-35,7.3918960147188e-35,3.356673454163085e-35,1.0345763450943707e-34,3.293225310935418e-35,9.872936278643301e-35,3.411737497663332e-35,1.0803633512382132e-34,2.6818443577042626e-35
292.5266337436645,6.919242686380822e-35,6.515270741264148e-35,7.319638203335758e-35,3.401110703238488e-35,1.032035338961931e-34,3.3375084679593626e-35,9.852779209223511e-35,3.4561545135813523e-35,1.077579271691711e-34,2.7332464851641377e-35
297.6351441631316,6.850031414408851e-35,6.450969068227664e-35,7.247873221421463e-35,3.4461362338767353e-35,1.0296167648285586e-34,3.382387089250358e-35,9.833356157478023e-35,3.5011497894927686e-35,1.074902301091423e-34,2.785834427429084e-35
302.8328665574946,6.781529048534807e-35,6.386712688633496e-35,7.1766043497364e-35,3.4912588597048896e-35,1.0272787908239697e-34,3.427638215192262e-35,9.814350903825758e-35,3.5462910668259527e-35,1.0722895416562353e-34,2.8396379344597624e-35
308.1213588714002,6.713466395278856e-35,6.322265218728784e-35,7.105539806111626e-35,3.5353204790940214e-35,1.0248786874372876e-34,3.4727297903649236e-35,9.794995009093707e-35,3.5905587011940516e-35,1.0696098507305678e-34,2.8946875263255486e-35
313.5022062565112,6.645780683352887e-35,6.257738406066384e-35,7.034693486454267e-35,3.579938180510069e-35,1.0225718863862957e-34,3.518414558291285e-35,9.77615296435767e-35,3.6353789194916234e-35,1.067007240594589e-34,2.9510145133560176e-35
318.97702154663216,6.578560240104071e-35,6.193370970157047e-35,6.964240711950537e-35,3.625118982016031e-35,1.0203679222120103e-34,3.5647003225941203e-35,9.758071292751168e-35,3.6807586195120727e-35,1.0644999331462608e-34,3.0086510168216173e-35
324.5474457411329,6.511889826614183e-35,6.12939223096051e-35,6.894349923055172e-35,3.6708699902467436e-35,1.0182759816860926e-34,3.611594989555129e-35,9.740987220515638e-35,3.7267047851526274e-35,1.06210547082078e-34,3.0676299901574696e-35
330.2151484968176,6.445850704345372e-35,6.066022206780422e-35,6.825182794806552e-35,3.7171984015267115e-35,1.0163049105872083e-34,3.6591065694654385e-35,9.725128776245861e-35,3.7732244874890903e-35,1.0598407282295643e-34,3.12798524074462e-35
335.9818286283781,6.380520712248058e-35,6.003471793675636e-35,6.756894391255645e-35,3.7641115030020356e-35,1.0144632215250094e-34,3.7072431779938187e-35,9.710714971669453e-35,3.8203248858640725e-35,1.0577219277119717e-34,3.1897514522632983e-35
341.84921461759274,6.315974353543167e-35,5.941943020580707e-35,6.68963335620685e-35,3.811616673786635e-35,1.0127591027329803e-34,3.7560130375732e-35,9.697956058153907e-35,3.868013228988751e-35,1.0557646585195601e-34,3.2529642076333616e-35
347.819065131413,6.252225981099331e-35,5.881542657826847e-35,6.623497719811084e-35,3.858342328387924e-35,1.0110568309487255e-34,3.803591638104335e-35,9.685134295931181e-35,3.914744197093017e-35,1.0538241916904101e-34,3.3176600125572246e-35
353.8931695490988,6.189020706929958e-35,5.821905609571172e-35,6.558306737336333e-35,3.9043595220882906e-35,1.0093380229018249e-34,3.850069586674305e-35,9.671975196245476e-35,3.9605974981566383e-35,1.0518904235492971e-34,3.3838763196811963e-35
360.073348498562,6.126353525096211e-35,5.762960512070341e-35,6.49397751887772e-35,3.9509255478869584e-35,1.0077279072983168e-34,3.89711547205468e-35,9.66007598412502e-35,4.0069878777910605e-35,1.0500965396668781e-34,3.4516515533915146e-35
366.3614544020716,6.064264675514146e-35,5.70470180076235e-35,6.43045907484114e-35,3.998046951525812e-35,1.0062311627039959e-34,3.9447362341435526e-35,9.649438034905904e-35,4.053921626784179e-35,1.048438070162532e-34,3.5210251352616475e-35
372.7593720314938,6.002792635082121e-35,5.647123900912788e-35,6.367702116565655e-35,4.0457303568157326e-35,1.0048522991897854e-34,3.9929388976407695e-35,9.640062798553557e-35,4.1014051096077285e-35,1.0469107226173384e-34,3.592037510168134e-35
379.26901907322497,5.941974160327533e-35,5.590221229664528e-35,6.305659006887492e-35,4.093982466567442e-35,1.0035956626894975e-34,4.041730573084685e-35,9.631951802749214e-35,4.1494447652803426e-35,1.0455103772167835e-34,3.6647301730924334e-35
385.8923467029903,5.881844332332654e-35,5.533988198034399e-35,6.244283714232767e-35,4.1428100635341036e-35,1.0024654395866758e-34,4.0911184579005417e-35,9.625106655934941e-35,4.1980471082407203e-35,1.0442330822473488e-34,3.7391456966268525e-35
392.63134017068353,5.822436603734559e-35,5.478419212858017e-35,6.183531770055827e-35,4.192220011364504e-35,1.0014656615099062e-34,4.1411098374626396e-35,9.619529050320656e-35,4.247218729231018e-35,1.0430750499286844e-34,3.815327759203124e-35
399.488019395417,5.763782847603303e-35,5.423508678683267e-35,6.123360229445607e-35,4.2422192555679377e-35,1.000600210317124e-34,4.1917120861688416e-35,9.615220764852108e-35,4.296966296190588e-35,1.0420326525636195e-34,3.8933211740625365e-35
406.4644395709628,5.705913408011867e-35,5.369250999613245e-35,6.06372763473174e-35,4.292814824490526e-35,9.998728232502393e-35,4.2429326685281796e-35,9.612183668141424e-35,4.347296555160195e-35,1.0411024189891935e-34,3.973171918987189e-35
413.5626917817706,5.648857152120726e-35,5.315640581099174e-35,6.00459398192641e-35,4.344013830303262e-35,9.992870982423987e-35,4.2947791402624537e-35,9.610419721361628e-35,4.398216331196806e-35,1.0402810313123215e-34,4.054927166812381e-35
420.78490362974026,5.592641523609916e-35,5.262671831684086e-35,5.945920689845303e-35,4.395823470001473e-35,9.988464993611388e-35,4.347259149420248e-35,9.609930981104334e-35,4.4497325292991125e-35,1.0395653219144415e-34,4.138635316740657e-35
428.1332398719391,5.53729259730152e-35,5.21033916469818e-35,5.887670571756311e-35,4.448251026416922e-35,9.985543623718441e-35,4.4003804375056813e-35,9.610719602203861e-35,4.501852135343882e-35,1.0389522707100194e-34,4.224346026478552e-35
435.6099030694608,5.482801357572232e-35,5.158663259960892e-35,5.829756347043691e-35,4.4992605547908347e-35,9.982061912363066e-35,4.4517134911695697e-35,9.610376751130461e-35,4.552764573003546e-35,1.0382520920047238e-34,4.3121102452178047e-35
443.21713424760856,5.429053652826734e-35,5.107714054216353e-35,5.77202770532069e-35,4.549653613077336e-35,9.97870726590407e-35,4.502212105716668e-35,9.609926159933022e-35,4.603184186533428e-35,1.037521189185412e-34,4.4019802474830566e-35
450.9572135676145,5.376030519684537e-35,5.057450301953734e-35,5.714590561504695e-35,4.600611088625936e-35,9.976641608310473e-35,4.5532835581331024e-35,9.610733860086836e-35,4.6541621723199327e-35,1.0368752733824627e-34,4.4940096678690016e-35
458.8324610100845,5.323723774886068e-35,5.007822563998869e-35,5.657567064397264e-35,4.6521393030780045e-35,9.975863077964073e-35,4.6049343464827796e-35,9.612756910481649e-35,4.705704714059348e-35,1.036327177845661e-34,4.5882535366902654e-35
466.84523707037897,5.272125312779011e-35,4.958783104785062e-35,5.601074506984226e-35,4.7042446488791736e-35,9.976369961658185e-35,4.657171042541199e-35,9.61595414732626e-35,4.757818063929334e-35,1.035889257091356e-34,4.6847683165680255e-35
474.9979434661413,5.221227105567676e-35,4.910285842463755e-35,5.545225426152734e-35,4.7569335900726005e-35,9.978160695640276e-35,4.7100002926319113e-35,9.620286135095666e-35,4.810508543347326e-35,1.035573396950006e-34,4.7836119399781096e-35
483.2930238571752,5.171021203532813e-35,4.86228630331671e-35,5.490127725718928e-35,4.810212663100344e-35,9.981233866633157e-35,4.7634288184717116e-35,9.625715121788421e-35,4.863782543737325e-35,1.0353910269456252e-34,4.884843847785681e-35
491.7329645779016,5.121499735222738e-35,4.8147415802329135e-35,5.435884821059e-35,4.864088477614871e-35,9.98558821283761e-35,4.817463418026173e-35,9.632204998259087e-35,4.917646527305189e-35,1.035353134836419e-34,4.988525028792654e-35
500.3202953826004,5.072654907616821e-35,4.767610295023391e-35,5.38259580371365e-35,4.91856771729841e-35,9.99122262491523e-35,4.872110966374514e-35,9.639721261397906e-35,4.972107027822508e-35,1.0354702831536158e-34,5.094718060324313e-35
509.05759020366816,5.024479006262007e-35,4.7208525643554084e-35,5.330355624426207e-35,4.973657140692742e-35,9.998136146954749e-35,4.927378416584343e-35,9.648230980939752e-35,5.027170651419156e-35,1.0357526275845363e-34,5.203487149882526e-35
517.9474679231207,4.976966238725795e-35,4.674427041442749e-35,5.279254258681684e-35,5.028946327622528e-35,1.0005912566348323e-34,4.982849474919254e-35,9.657276516362004e-35,5.082417357248393e-35,1.0361671615930077e-34,5.314898177893667e-35
526.9925931575657,4.930294999825395e-35,4.6280171729587235e-35,5.22922635615907e-35,5.081104628815403e-35,1.0011399628640797e-34,5.03514451552643e-35,9.663161688485155e-35,5.134441230319771e-35,1.036366758647884e-34,5.429018741579918e-35
536.1956770568817,4.884490342290997e-35,4.5816020601053185e-35,5.180133992787256e-35,5.133803895889898e-35,1.0018294238180897e-34,5.087988392955965e-35,9.669590453061282e-35,5.18699762230471e-35,1.0367131615091965e-34,5.545918199983546e-35
545.5594781168514,4.839418611141557e-35,4.5354217893678934e-35,5.131900958683545e-35,5.187049739536349e-35,1.0026468350677906e-34,5.141386867254204e-35,9.676808656622097e-35,5.240091984092814e-35,1.037199294277636e-34,5.665667720174557e-35
555.0868030059805,4.794950828158209e-35,4.489706982138007e-35,5.084453619239887e-35,5.240847828637351e-35,1.003579865679556e-34,5.195345758919306e-35,9.685052741057313e-35,5.293729822369516e-35,1.0378183441609402e-34,5.788340324672722e-35
564.7805074067552,4.7509625251600265e-35,4.44467897230399e-35,5.03772081380322e-35,5.295203890870634e-35,1.0046166416030662e-34,5.249870949535346e-35,9.694549921839335e-35,5.347916700186694e-35,1.0385637513989913e-34,5.914010940115937e-35
574.6434968715973,4.707333610355528e-35,4.4005500964157713e-35,4.991633764358979e-35,5.35012371331955e-35,1.0057457323675077e-34,5.304968382413916e-35,9.705518478829687e-35,5.402658237539982e-35,1.039429200189896e-34,6.042756447207836e-35
584.6787276937589,4.6639482658292255e-35,4.357524088414712e-35,4.946125993677989e-35,5.405613143088506e-35,1.006956140891773e-34,5.360644063241625e-35,9.718168151656335e-35,5.457960111951479e-35,1.0404086105629469e-34,6.174655731978083e-35
594.8892077934331,4.6206948743043787e-35,4.3157965713997123e-35,4.90113325241446e-35,5.461678087926189e-35,1.0082372962230567e-34,5.416904060734802e-35,9.732700632134514e-35,5.513828059058942e-35,1.0414961311473404e-34,6.309789738390052e-35
605.2779976193349,4.5774533086138287e-35,4.275554416448557e-35,4.856594578490016e-35,5.517995060844761e-35,1.009544836945859e-34,5.473170296651679e-35,9.748724713100236e-35,5.570054851841621e-35,1.0426649430331636e-34,6.44824152233124e-35
615.8482110660261,4.533814170539882e-35,4.236828236842592e-35,4.8125122953119466e-35,5.573538548934769e-35,1.010735271947465e-34,5.527619763453704e-35,9.764448000296296e-35,5.625979467225843e-35,1.043849176253779e-34,6.590096307022751e-35
626.6030164072656,4.489918368293647e-35,4.1993711796013376e-35,4.7689363063312e-35,5.629641131231225e-35,1.0119559499524873e-34,5.58261091711624e-35,9.781982096717578e-35,5.682465578446022e-35,1.0451401884777221e-34,6.73544153988532e-35
637.5456372456507,4.446157710616832e-35,4.1629164859886305e-35,4.7259073649563294e-35,5.686308435510437e-35,1.0132466146127269e-34,5.638149146574604e-35,9.801065632563235e-35,5.73951882304793e-35,1.046542618800426e-34,6.884366950899988e-35
648.6793534788508,4.402909134126534e-35,4.1272065755076457e-35,4.6834646158653744e-35,5.74354614619725e-35,1.0146455280323783e-34,5.69423989437558e-35,9.821446469883225e-35,5.797144895179483e-35,1.0480609511044858e-34,7.0369646125029e-35
660.0075022827095,4.3605349754306306e-35,4.0919925295235067e-35,4.6416456491561725e-35,5.801360004935536e-35,1.0161894980366168e-34,5.750888657210761e-35,9.84288118673427e-35,5.855349546159141e-35,1.0496995195315312e-34,7.193329001054528e-35
671.5334791115142,4.3193835505413557e-35,4.057033728789955e-35,4.6004865575038137e-35,5.859755811163603e-35,1.017913936170496e-34,5.808100986455205e-35,9.86513471524516e-35,5.914138585050001e-35,1.0514625142553814e-34,7.353557059924616e-35
683.2607387157399,4.279790020828529e-35,4.0220976360859245e-35,4.5600219960866377e-35,5.918739422696214e-35,1.0198529443524743e-34,5.865882488711452e-35,9.887980124797378e-35,5.973517879239179e-35,1.0533539875325818e-34,7.517748264235593e-35
695.1927961775606,4.242071681302997e-35,3.986996753615707e-35,4.52028112781701e-35,5.974982299255268e-35,1.0217053980558266e-34,5.921289959353245e-35,9.908286712968952e-35,6.029475300681983e-35,1.0549756428498993e-34,7.686004687307791e-35
707.3332279644438,4.2062043262139417e-35,3.951884734670839e-35,4.4812397520103615e-35,6.028177976995936e-35,1.0234382303209877e-34,5.974053302610909e-35,9.925938037281747e-35,6.081642045963688e-35,1.056288179797405e-34,7.858431068851426e-35
719.6856730011514,4.1717191686992014e-35,3.916935512745623e-35,4.4428476626147526e-35,6.081847259508629e-35,1.025356642820783e-34,6.027286808689654e-35,9.944222321435276e-35,6.134260135546213e-35,1.0577107798160965e-34,8.035134884951241e-35
732.2538337604534,4.138134074565143e-35,3.8822922849891505e-35,4.4050571789149153e-35,6.135994363329357e-35,1.02741284378945e-34,6.080994667109411e-35,9.963286952098561e-35,6.18733347443966e-35,1.0592390653354574e-34,8.216226419890897e-35
745.0414773728909,4.104982412629785e-35,3.848093184283914e-35,4.367822088087645e-35,6.190623542533839e-35,1.0295605955163624e-34,6.135181104721929e-35,9.983274289005842e-35,6.240866001440503e-35,1.0608688089528149e-34,8.401818839865527e-35
758.0524367559261,4.071812315419191e-35,3.814471415334596e-35,4.33109759323622e-35,6.245739089072524e-35,1.0317551404491716e-34,6.189850386043821e-35,1.0004321801378418e-34,6.294861689423101e-35,1.0625959282659322e-34,8.592028268632271e-35
771.2906117627992,4.0381864495856975e-35,3.781555438108835e-35,4.2948402660240987e-35,6.301345333106987e-35,1.0339531782692685e-34,6.245006813591593e-35,1.0026562251700428e-34,6.349324545635346e-35,1.0644164811659446e-34,8.786973865149421e-35
784.7599703514607,4.0039209836878095e-35,3.749391544368725e-35,4.2590311630644827e-35,6.352586561751627e-35,1.0356507545439437e-34,6.297383394305288e-35,1.0046774938674012e-34,6.401809253982111e-35,1.0660840417046594e-34,8.98677790325691e-35
798.4645497739086,3.9695442796862256e-35,3.7177985692805786e-35,4.223715582390388e-35,6.401951299370426e-35,1.0371495579056653e-34,6.348655044490422e-35,1.0066453613771001e-34,6.453571630675141e-35,1.067728721306553e-34,9.191565853451477e-35
812.4084577862966,3.9351193584338654e-35,3.6867509426568654e-35,4.1888886656422285e-35,6.451699640942747e-35,1.0386818999376613e-34,6.40034413505475e-35,1.0087095077711616e-34,6.505752536495583e-35,1.0694641202137811e-34,9.401466466811747e-35
826.5958738801812,3.9006636957161633e-35,3.6562381475599146e-35,4.15454120123965e-35,6.501834567381798e-35,1.040249826309796e-34,6.452454064688871e-35,1.0108692212248785e-34,6.55835535549641e-35,1.071289655673606e-34,9.61661186112992e-35
841.0310505352605,3.8661943307330816e-35,3.6262499071249886e-35,4.12066416788597e-35,6.552359082764576e-35,1.0418553413497657e-34,6.504988259754642e-35,1.013123816687963e-34,6.611383499092972e-35,1.073204766697894e-34,9.837137609307746e-35
855.7183144940002,3.8317278639112143e-35,3.59677617838632e-35,4.0872487300278986e-35,6.603276214512505e-35,1.043500407842372e-34,6.557950174510137e-35,1.0154726352896457e-34,6.664840406283585e-35,1.0752089136311483e-34,1.0063182830076787e-34
